Customer ID,Recency_Score,Frequency_Score,Monetary_Score
12346,1,5,2
12347,5,4,5
12348,3,3,4
12349,5,3,5
12350,2,1,2
12351,2,1,2
12352,4,4,4
12353,2,2,2
12354,2,1,3
12355,2,2,3
12356,4,4,5
12357,4,3,5
12358,5,3,5
12359,5,5,5
12360,4,4,5
12361,2,3,2
12362,5,5,5
12363,3,2,2
12364,5,3,4
12365,2,1,2
12366,1,1,2
12367,5,1,1
12368,1,1,3
12369,1,3,4
12370,4,4,5
12371,4,3,5
12372,3,3,4
12373,2,3,3
12374,4,3,5
12375,5,3,2
12376,2,2,2
12377,2,3,5
12378,3,2,5
12379,3,3,4
12380,4,5,5
12381,5,4,4
12383,3,4,4
12384,4,3,2
12385,2,2,4
12386,2,2,2
12387,1,1,1
12388,5,4,5
12389,2,3,4
12390,3,1,2
12391,4,4,4
12392,1,1,1
12393,3,4,4
12394,3,2,4
12395,5,5,5
12396,1,1,3
12397,4,2,4
12398,4,1,4
12399,3,4,4
12400,1,1,1
12401,2,1,1
12402,2,4,4
12403,4,3,3
12404,1,1,1
12405,3,1,4
12406,4,4,5
12407,4,3,4
12408,4,5,5
12409,3,5,5
12410,2,3,3
12411,1,1,2
12412,3,4,4
12413,3,4,3
12414,2,4,3
12415,4,5,5
12416,1,1,1
12417,5,5,5
12418,3,3,4
12419,2,2,2
12420,3,1,2
12421,5,4,3
12422,3,5,5
12423,5,4,4
12424,3,4,5
12425,3,2,4
12426,2,3,4
12427,4,3,3
12428,4,5,5
12429,5,4,5
12430,4,1,1
12431,4,5,5
12432,4,3,5
12433,5,4,5
12434,3,3,3
12435,3,4,5
12436,3,1,2
12437,5,5,5
12438,5,2,5
12439,1,3,3
12440,1,3,3
12441,2,1,1
12442,5,1,1
12443,1,1,2
12444,4,3,5
12445,4,3,2
12446,4,1,3
12447,2,1,2
12448,4,1,2
12449,4,4,5
12450,3,4,3
12451,5,4,5
12452,5,3,2
12453,3,1,3
12454,2,4,5
12455,3,4,5
12456,4,3,5
12457,3,5,4
12458,3,3,4
12459,1,1,2
12460,1,1,2
12461,3,2,3
12462,5,3,3
12463,4,4,4
12464,5,4,4
12465,5,3,3
12466,1,1,1
12468,3,4,5
12469,1,2,5
12470,1,1,1
12471,5,5,5
12472,4,5,5
12473,4,4,4
12474,5,5,5
12475,4,2,3
12476,5,5,5
12477,4,5,5
12478,5,1,3
12479,5,2,2
12480,4,4,5
12481,4,5,5
12482,1,5,5
12483,5,5,5
12484,4,5,5
12485,1,1,3
12486,1,1,3
12487,1,1,2
12488,5,3,4
12489,2,1,2
12490,5,5,5
12491,4,1,2
12492,3,3,3
12493,3,2,2
12494,5,5,4
12495,1,1,2
12496,1,2,1
12497,3,3,5
12498,4,3,2
12499,1,1,2
12500,4,5,5
12501,2,2,4
12502,3,3,5
12503,1,1,3
12504,4,3,2
12505,2,2,3
12506,2,1,1
12507,3,3,4
12508,4,2,2
12509,2,1,1
12510,3,5,5
12511,1,2,5
12512,3,2,1
12513,3,1,2
12514,2,2,4
12515,2,1,2
12516,3,3,4
12517,4,4,4
12518,5,3,4
12519,3,3,3
12520,3,4,4
12521,3,1,2
12522,4,2,1
12523,5,5,5
12524,5,5,5
12525,1,4,3
12526,5,3,4
12527,3,3,3
12528,5,4,4
12529,1,2,2
12530,3,5,5
12531,5,3,4
12532,4,1,2
12533,1,4,3
12534,3,1,3
12535,3,2,3
12536,5,2,5
12537,2,1,3
12538,4,2,3
12539,4,4,5
12540,4,5,5
12541,4,3,3
12542,1,3,2
12543,1,1,3
12544,4,2,2
12545,3,2,3
12546,4,2,3
12547,2,3,2
12548,3,1,1
12549,1,4,4
12550,3,1,3
12551,2,1,1
12552,4,2,2
12553,5,5,5
12554,1,1,2
12555,1,1,1
12556,4,2,3
12557,5,4,5
12559,2,2,2
12560,5,3,4
12561,2,1,1
12562,5,4,5
12563,2,1,1
12564,2,1,2
12565,2,2,1
12566,3,2,2
12567,4,5,5
12568,1,1,1
12569,5,5,5
12570,1,1,1
12571,4,2,2
12572,5,3,3
12573,2,3,3
12574,2,1,1
12575,1,2,3
12576,4,4,4
12577,4,4,4
12578,4,4,5
12579,3,2,2
12580,2,2,3
12581,4,1,1
12582,2,3,4
12583,5,5,5
12584,5,5,4
12585,2,3,4
12586,5,3,4
12587,5,1,1
12588,4,3,3
12589,4,4,5
12590,2,3,5
12591,2,3,4
12592,3,3,4
12593,3,3,2
12594,4,5,5
12595,1,1,2
12596,4,2,3
12597,4,3,5
12598,5,5,5
12599,4,5,4
12600,4,5,5
12601,2,4,3
12602,3,1,1
12603,4,1,3
12604,3,2,1
12605,2,3,4
12606,1,1,1
12608,2,1,2
12609,3,4,5
12610,4,4,4
12611,4,1,3
12612,4,2,3
12613,4,5,5
12614,2,1,2
12615,5,4,5
12616,3,4,3
12617,4,1,2
12618,4,1,1
12619,5,5,5
12620,5,3,4
12621,5,5,5
12622,2,1,1
12623,2,4,5
12624,3,2,3
12625,2,3,5
12626,4,5,5
12627,5,4,5
12628,5,3,3
12629,2,2,4
12630,5,2,4
12631,4,4,5
12632,1,3,3
12633,3,4,5
12634,1,2,2
12635,3,3,5
12636,1,1,1
12637,3,5,5
12638,4,2,3
12639,2,3,4
12640,4,3,3
12641,3,1,1
12642,4,3,3
12643,3,5,5
12644,3,3,4
12645,4,4,5
12646,5,2,4
12647,4,5,5
12648,3,3,3
12649,3,4,4
12650,5,1,2
12651,2,3,2
12652,2,3,3
12653,3,3,5
12654,5,3,2
12655,1,1,1
12656,5,5,5
12657,5,3,3
12658,5,1,3
12659,4,1,1
12660,5,1,1
12661,1,1,1
12662,5,5,5
12663,1,2,1
12664,5,5,5
12665,2,3,2
12666,2,1,3
12667,3,1,3
12668,5,5,5
12669,3,2,4
12670,5,4,5
12671,1,1,4
12672,2,3,2
12673,5,3,4
12674,5,4,4
12675,1,3,3
12676,4,5,4
12677,1,3,2
12678,4,5,5
12679,4,4,3
12680,5,3,3
12681,5,5,5
12682,5,5,5
12683,5,5,5
12684,5,4,4
12685,4,4,4
12686,2,1,1
12687,1,2,4
12688,3,1,5
12689,4,2,4
12690,2,1,2
12691,4,4,3
12692,1,1,1
12693,3,4,4
12694,3,3,4
12695,5,4,4
12696,1,2,3
12697,4,3,3
12698,1,1,2
12699,1,1,3
12700,5,4,5
12701,3,4,4
12702,4,1,1
12703,3,4,3
12704,5,4,4
12705,5,5,5
12707,2,1,3
12708,4,5,5
12709,5,5,5
12710,3,3,3
12711,1,2,4
12712,4,5,5
12713,5,1,3
12714,5,5,5
12715,3,1,2
12716,5,2,3
12717,3,3,4
12718,3,1,1
12719,5,3,3
12720,5,5,5
12721,4,4,5
12722,3,4,3
12723,5,3,3
12724,5,4,4
12725,2,3,4
12726,4,5,5
12727,5,5,5
12728,3,3,3
12729,3,1,2
12730,1,1,3
12731,4,5,5
12732,3,1,1
12733,2,4,4
12734,2,3,3
12735,2,2,3
12736,2,1,1
12737,1,2,5
12738,2,1,1
12739,3,3,4
12740,3,1,2
12741,1,2,2
12742,1,1,3
12743,3,2,2
12744,4,4,5
12745,1,3,3
12746,1,3,1
12747,5,5,5
12748,5,5,5
12749,5,5,5
12750,3,1,1
12751,1,1,1
12752,3,1,5
12753,5,5,5
12754,2,3,5
12755,2,5,4
12756,3,1,1
12757,5,5,5
12758,3,4,5
12759,4,4,5
12760,1,1,2
12761,1,2,3
12762,5,2,4
12763,3,2,2
12764,2,1,4
12765,1,4,4
12766,5,5,5
12767,2,1,3
12769,2,1,3
12770,2,2,5
12771,1,1,1
12772,3,1,3
12774,1,1,1
12775,5,4,4
12776,1,1,1
12777,1,1,2
12778,4,4,4
12779,4,5,5
12780,1,1,2
12781,4,3,3
12782,5,5,5
12783,5,3,4
12784,5,3,4
12785,5,3,3
12786,1,1,3
12787,5,3,3
12788,1,3,2
12789,3,3,1
12790,2,3,2
12791,2,3,3
12792,2,2,3
12793,2,3,3
12794,4,2,3
12795,5,1,2
12796,1,1,2
12797,2,3,2
12798,5,3,5
12799,1,1,1
12800,1,3,2
12801,1,2,3
12802,2,4,4
12803,2,1,3
12804,1,2,2
12805,2,3,4
12806,1,3,5
12807,2,2,2
12808,4,3,3
12809,3,4,4
12810,1,2,2
12811,2,3,3
12812,4,1,1
12813,1,3,4
12814,3,1,1
12815,3,2,3
12816,3,2,2
12817,2,3,3
12818,3,2,4
12819,1,1,2
12820,5,5,4
12821,2,2,1
12822,3,2,3
12823,3,5,5
12824,3,1,2
12825,1,2,2
12826,5,5,4
12827,5,3,2
12828,5,4,3
12829,2,3,2
12830,4,4,5
12831,2,3,2
12832,4,2,2
12833,3,1,2
12834,2,1,2
12835,1,5,5
12836,3,5,5
12837,3,2,3
12838,4,5,5
12839,5,5,5
12840,3,5,5
12841,5,5,5
12842,3,3,4
12843,3,5,5
12844,4,3,3
12845,2,3,2
12846,1,1,1
12847,4,2,4
12848,1,1,1
12849,4,4,5
12850,1,1,2
12851,3,2,2
12852,2,2,2
12853,3,5,5
12854,3,5,5
12855,2,3,3
12856,5,4,4
12857,2,4,5
12858,2,1,1
12859,1,1,2
12860,1,1,1
12861,1,1,1
12862,1,2,3
12863,4,4,4
12864,3,2,2
12865,4,3,5
12866,2,3,4
12867,4,5,5
12868,3,4,4
12869,1,1,2
12870,2,3,4
12871,3,3,3
12872,2,5,5
12873,2,3,4
12874,2,2,3
12875,3,3,4
12876,4,3,5
12877,5,5,5
12878,5,3,3
12879,4,3,2
12880,2,2,3
12881,2,1,2
12882,5,2,4
12883,4,3,3
12884,3,1,2
12885,3,3,3
12886,3,3,4
12887,2,1,1
12888,2,3,2
12889,2,3,2
12890,4,2,3
12891,3,5,3
12892,2,1,1
12893,4,1,1
12894,1,1,1
12895,4,3,2
12897,2,3,2
12898,1,2,2
12899,1,1,2
12900,1,1,2
12901,5,5,5
12902,2,1,1
12903,1,1,3
12904,5,2,2
12905,1,3,3
12906,5,3,5
12907,2,2,2
12908,3,4,4
12909,4,5,5
12910,4,5,5
12911,1,1,4
12912,5,3,4
12913,5,5,5
12914,2,1,1
12915,3,4,3
12916,3,4,5
12917,3,4,5
12919,5,4,4
12920,5,3,2
12921,5,5,5
12922,3,1,2
12923,3,3,3
12924,3,5,4
12925,5,3,3
12926,1,3,4
12927,2,1,1
12928,4,5,5
12929,2,1,1
12930,3,3,2
12931,4,5,5
12932,1,4,4
12933,4,4,4
12934,1,1,1
12935,5,5,5
12936,5,3,3
12937,5,4,5
12938,4,1,1
12939,3,5,5
12940,4,3,3
12941,1,1,2
12942,3,3,3
12943,1,2,2
12944,4,2,3
12945,2,2,3
12946,1,1,2
12947,3,4,4
12948,5,5,4
12949,4,5,5
12950,5,3,4
12951,5,5,5
12952,5,3,4
12953,5,2,3
12954,1,1,1
12955,5,5,5
12956,2,3,2
12957,5,5,5
12958,2,2,2
12959,1,1,1
12960,1,3,4
12961,2,1,1
12962,5,2,1
12963,5,5,5
12964,1,1,1
12965,3,1,3
12966,5,1,1
12967,5,3,4
12968,3,1,1
12969,1,1,1
12970,5,5,4
12971,5,5,5
12972,1,4,3
12973,1,1,2
12974,2,2,2
12975,1,4,4
12976,2,4,5
12977,3,3,2
12978,2,4,4
12979,1,1,2
12980,3,5,5
12981,4,2,2
12982,2,5,4
12983,1,1,2
12984,5,1,1
12985,5,2,4
12986,2,5,4
12987,3,4,4
12988,2,1,2
12989,5,5,5
12990,4,4,3
12991,4,3,3
12992,1,1,1
12993,4,4,3
12994,5,3,3
12995,3,2,1
12996,2,1,2
12997,4,5,4
12998,1,3,3
12999,2,3,2
13000,3,3,3
13001,5,5,5
13002,2,3,2
13003,3,3,1
13004,5,5,5
13005,3,4,3
13006,4,1,1
13007,1,1,1
13008,2,3,2
13009,1,1,1
13010,2,2,2
13011,2,1,1
13012,5,5,4
13013,5,5,5
13014,5,5,5
13015,4,5,5
13016,3,3,3
13017,5,1,1
13018,5,5,5
13019,2,4,4
13020,1,3,3
13021,5,5,5
13022,1,1,1
13023,3,3,4
13024,1,3,2
13025,1,1,2
13026,5,5,4
13027,3,5,5
13028,4,3,3
13029,4,3,4
13030,5,2,3
13031,2,3,5
13032,4,5,4
13033,2,2,1
13034,4,3,3
13035,4,3,4
13036,1,1,2
13037,3,5,5
13038,3,3,3
13039,1,3,3
13040,5,2,3
13041,1,3,3
13042,1,3,4
13043,2,2,2
13044,2,5,5
13045,3,3,3
13046,4,3,3
13047,4,5,5
13048,5,5,5
13049,3,3,4
13050,5,5,5
13051,1,2,1
13052,2,4,5
13053,1,1,1
13055,3,4,4
13056,1,1,1
13057,1,3,3
13058,4,3,1
13059,2,5,4
13060,2,1,2
13061,3,1,1
13062,2,1,2
13063,1,1,1
13064,5,4,4
13065,2,4,3
13066,4,2,2
13067,3,3,2
13068,5,2,2
13069,5,5,5
13070,2,3,3
13071,1,1,1
13072,2,1,1
13073,1,2,2
13074,1,3,4
13075,3,1,3
13076,1,1,1
13077,5,5,4
13078,5,5,5
13079,5,4,2
13080,3,3,1
13081,5,5,5
13082,3,5,5
13083,5,3,2
13084,1,2,1
13085,3,4,4
13086,2,1,2
13087,1,1,2
13088,1,1,1
13089,5,5,5
13090,5,5,5
13091,4,3,4
13092,3,5,4
13093,2,5,5
13094,4,5,4
13095,3,1,1
13096,2,1,2
13097,4,5,5
13098,5,5,5
13099,3,1,1
13101,2,3,3
13102,5,5,5
13103,4,3,3
13104,5,4,4
13105,1,1,1
13106,3,3,2
13107,4,5,5
13108,2,2,3
13109,5,4,3
13110,4,5,5
13111,1,1,2
13113,5,5,5
13114,1,1,1
13115,5,5,5
13116,3,2,2
13117,4,5,4
13118,4,5,4
13119,1,1,1
13120,2,1,1
13121,2,1,1
13122,3,2,3
13123,1,2,2
13124,3,3,5
13125,1,1,1
13126,5,5,5
13127,3,1,1
13128,1,1,1
13129,1,2,1
13130,3,1,1
13131,4,4,5
13132,2,1,1
13133,2,3,1
13134,3,4,4
13135,2,2,5
13136,4,5,5
13137,5,5,5
13138,4,4,4
13139,5,4,5
13140,3,3,3
13141,3,5,5
13142,4,1,2
13143,1,2,2
13144,2,2,1
13145,4,4,3
13146,4,1,1
13147,5,3,3
13148,4,5,5
13149,5,3,4
13150,1,3,2
13151,2,3,4
13152,1,4,4
13153,5,1,2
13154,2,3,4
13155,4,4,4
13156,2,3,4
13157,4,5,5
13158,3,3,4
13159,5,3,4
13160,4,1,1
13161,2,2,2
13162,3,5,5
13164,1,3,2
13165,4,3,4
13166,2,3,3
13167,5,3,3
13168,4,4,4
13169,3,3,3
13170,4,1,1
13171,5,3,2
13172,2,1,1
13173,5,5,4
13174,5,5,5
13175,1,3,3
13176,4,1,2
13177,3,2,2
13178,4,5,5
13179,1,1,2
13180,1,1,1
13181,2,1,2
13182,4,1,1
13183,5,5,5
13184,5,5,4
13185,2,1,1
13186,4,3,4
13187,2,3,2
13188,5,1,1
13189,5,2,1
13190,1,3,2
13191,1,1,1
13192,3,4,4
13193,3,1,1
13194,3,2,2
13195,1,1,1
13196,5,4,5
13197,1,1,2
13198,5,5,5
13199,5,5,5
13200,4,3,3
13201,1,3,4
13202,2,4,4
13203,5,5,4
13204,1,1,3
13205,1,1,4
13206,2,5,5
13207,5,3,2
13208,3,5,4
13209,4,5,5
13210,3,1,2
13211,5,5,4
13212,5,3,3
13213,4,5,5
13214,1,4,5
13215,2,1,1
13216,2,1,2
13217,3,4,1
13218,3,1,1
13219,1,1,1
13220,3,3,4
13221,2,2,3
13222,1,1,1
13223,2,4,3
13224,3,3,4
13225,5,5,5
13226,2,2,2
13227,2,1,1
13228,3,1,2
13229,2,1,1
13230,5,5,5
13232,5,4,4
13233,3,3,3
13234,1,2,2
13235,2,1,3
13236,4,3,3
13237,2,1,3
13238,5,4,3
13239,2,4,4
13240,3,4,4
13241,1,1,1
13242,3,4,3
13243,2,3,4
13244,3,1,1
13245,4,2,3
13246,5,5,5
13247,5,3,2
13248,3,2,2
13249,3,4,4
13250,1,3,1
13251,2,1,1
13252,2,3,2
13253,3,3,5
13254,2,1,1
13255,5,3,3
13256,5,1,1
13257,1,2,1
13258,5,4,3
13259,3,4,4
13260,3,1,2
13261,2,2,3
13262,2,3,2
13263,5,5,5
13264,1,1,3
13265,4,4,4
13266,5,5,5
13267,5,5,5
13268,5,5,5
13269,5,5,5
13270,2,1,2
13271,4,1,1
13272,4,2,1
13273,3,1,1
13274,1,1,2
13275,2,2,1
13276,3,4,4
13277,5,4,2
13278,4,4,4
13279,3,2,1
13280,3,4,4
13281,1,2,2
13282,5,4,4
13283,3,3,2
13284,2,1,1
13285,4,4,5
13286,1,1,3
13287,1,4,2
13288,1,4,3
13289,1,1,2
13291,3,5,5
13292,4,4,3
13293,2,4,3
13294,2,3,4
13295,2,4,3
13296,3,4,3
13297,5,4,5
13298,5,1,2
13299,2,3,3
13300,3,4,4
13301,3,3,3
13302,3,2,1
13303,2,1,1
13304,2,4,3
13305,5,5,5
13306,1,1,1
13307,3,3,1
13308,4,4,4
13309,5,4,4
13310,4,4,4
13311,5,2,2
13312,1,1,1
13313,4,5,5
13314,5,3,2
13315,1,1,2
13316,4,5,5
13317,3,5,5
13318,5,3,3
13319,5,5,5
13320,3,4,4
13321,3,2,2
13322,5,1,1
13323,5,4,3
13324,4,5,5
13325,3,1,3
13326,1,1,2
13327,4,5,5
13328,2,1,4
13329,4,5,5
13330,3,4,4
13331,2,1,1
13332,5,1,2
13333,1,3,3
13334,3,4,5
13336,3,1,3
13337,1,1,4
13338,3,4,4
13339,2,1,3
13340,4,5,5
13341,2,1,3
13343,3,1,2
13344,3,3,4
13345,2,2,2
13346,1,4,2
13347,3,1,2
13348,3,1,1
13349,5,1,1
13350,5,3,3
13351,3,1,2
13352,5,2,2
13354,3,1,3
13355,3,1,3
13356,3,1,3
13357,2,4,5
13358,2,1,2
13359,3,3,3
13360,1,4,4
13361,1,2,4
13362,5,5,5
13363,5,3,4
13365,5,3,4
13366,4,1,1
13367,1,1,2
13368,2,4,3
13369,2,2,1
13370,2,2,3
13371,1,3,4
13372,3,1,2
13373,3,4,5
13374,1,2,2
13375,3,3,4
13376,3,3,3
13377,2,3,4
13379,4,3,2
13380,1,1,1
13381,4,5,5
13382,2,4,4
13383,1,1,2
13384,4,5,5
13385,2,1,2
13386,1,2,3
13387,1,1,1
13388,3,3,3
13389,5,3,3
13390,3,1,2
13391,2,1,1
13392,1,1,1
13393,1,4,3
13394,5,5,5
13395,3,3,3
13396,4,3,4
13397,3,5,5
13398,2,2,3
13399,1,3,1
13400,1,2,2
13402,3,3,4
13403,5,3,1
13404,5,2,1
13405,3,4,3
13406,1,3,2
13407,1,3,4
13408,5,5,5
13410,5,5,4
13411,3,1,1
13412,1,1,2
13413,1,4,2
13414,3,4,4
13415,1,4,3
13416,4,3,3
13417,5,4,4
13418,5,5,5
13419,3,1,1
13420,3,3,1
13421,4,4,5
13422,4,2,4
13423,1,1,1
13424,1,1,2
13425,3,4,5
13426,5,5,5
13427,4,4,3
13428,5,3,2
13429,5,3,3
13430,5,3,3
13431,3,4,5
13432,1,2,2
13433,1,4,3
13434,3,4,4
13435,5,5,5
13436,5,1,1
13437,5,4,5
13438,1,1,1
13439,2,3,3
13440,1,3,4
13441,3,2,3
13442,1,3,2
13443,1,4,4
13444,2,2,3
13445,1,1,1
13446,1,5,5
13447,4,3,3
13448,5,5,5
13449,4,1,2
13450,4,5,5
13451,4,5,5
13452,2,3,3
13453,3,4,3
13454,1,1,1
13455,4,5,4
13456,5,4,4
13457,1,3,1
13458,5,5,5
13459,1,2,3
13460,4,2,1
13461,4,4,5
13462,3,4,3
13464,3,4,5
13465,1,2,3
13466,3,4,3
13467,5,2,3
13468,5,5,5
13469,1,1,1
13470,3,2,1
13471,5,3,4
13472,1,2,2
13473,3,5,4
13474,2,3,3
13475,2,3,4
13476,3,4,4
13477,4,5,4
13478,1,4,4
13479,2,4,3
13480,1,2,3
13481,4,5,5
13482,2,2,2
13483,3,1,1
13484,2,3,3
13485,2,5,5
13486,3,3,3
13487,4,4,3
13488,5,5,5
13489,3,3,2
13490,1,1,1
13491,4,5,5
13492,3,3,4
13493,2,2,3
13494,2,1,2
13495,5,5,5
13496,5,3,3
13497,2,4,3
13498,1,1,2
13499,5,4,3
13500,4,3,4
13501,2,3,4
13502,5,4,3
13503,3,5,4
13504,3,1,2
13505,3,4,5
13506,2,4,4
13507,5,3,4
13508,2,2,2
13509,5,4,3
13510,5,5,5
13511,1,2,1
13512,2,3,3
13513,3,3,3
13514,3,3,3
13515,3,4,4
13516,4,3,4
13517,3,4,4
13518,3,1,3
13519,4,3,2
13520,3,5,5
13521,5,3,3
13522,4,1,1
13523,4,4,5
13524,4,4,3
13525,5,2,3
13526,1,3,3
13527,4,5,5
13529,3,2,2
13530,1,1,2
13531,2,4,4
13532,4,1,1
13533,3,3,1
13534,5,5,5
13535,2,1,1
13536,5,4,5
13537,1,2,3
13538,4,5,5
13539,3,4,4
13540,1,3,3
13541,1,3,3
13542,2,5,5
13543,1,2,4
13544,4,4,3
13545,2,2,2
13546,5,4,3
13547,2,1,1
13548,3,3,3
13549,4,4,3
13550,2,1,2
13551,2,2,1
13552,3,5,5
13553,1,1,2
13554,2,5,4
13555,3,5,5
13556,1,2,1
13557,4,5,5
13558,5,3,3
13559,1,2,3
13560,5,1,1
13561,2,5,4
13562,3,4,5
13563,3,2,3
13564,3,5,5
13565,4,3,2
13566,4,4,4
13567,1,4,3
13568,3,1,1
13569,5,3,3
13570,2,1,1
13571,5,5,5
13572,2,1,4
13573,4,4,3
13574,1,1,2
13575,4,4,3
13576,5,5,5
13577,4,5,5
13578,1,1,1
13579,5,4,4
13580,2,1,1
13581,2,2,1
13582,2,2,1
13583,3,2,4
13584,2,3,2
13585,1,3,3
13586,1,1,1
13587,4,4,4
13588,5,5,4
13589,5,4,3
13590,5,5,5
13591,3,4,4
13592,4,3,1
13593,3,5,5
13594,4,2,2
13595,1,3,3
13596,5,2,3
13597,2,2,2
13598,4,4,3
13599,5,5,5
13600,2,2,2
13601,4,3,3
13602,3,3,3
13603,4,1,1
13604,1,2,3
13605,2,2,2
13606,4,3,1
13607,4,2,3
13608,1,1,1
13609,1,1,1
13610,5,5,4
13611,3,5,5
13612,1,2,3
13613,1,4,3
13614,4,4,4
13615,2,5,5
13616,1,2,2
13617,4,4,4
13618,3,1,1
13619,1,2,1
13620,1,1,1
13621,3,1,1
13622,1,2,3
13623,4,5,4
13624,2,1,2
13625,1,1,2
13626,2,3,3
13627,3,4,4
13628,1,1,2
13629,4,5,5
13630,5,5,4
13631,3,5,5
13632,4,5,5
13634,4,5,5
13635,3,4,5
13636,4,4,3
13637,4,3,3
13638,5,1,1
13639,3,2,4
13640,1,1,2
13641,1,4,3
13642,2,3,2
13643,4,5,4
13644,5,4,4
13645,3,1,1
13646,2,3,2
13647,5,4,5
13648,2,4,4
13649,2,4,4
13650,5,5,5
13651,4,3,1
13652,4,4,4
13653,1,1,1
13654,4,5,5
13655,3,4,4
13656,3,3,3
13657,5,2,2
13658,5,5,5
13659,2,5,5
13660,2,2,2
13661,1,1,2
13662,3,5,4
13663,3,4,4
13665,2,3,4
13666,3,4,1
13667,3,1,2
13668,5,5,5
13669,4,3,2
13670,3,1,2
13671,2,1,1
13672,2,4,1
13673,5,2,2
13674,1,2,1
13675,3,2,2
13676,1,2,1
13677,2,2,2
13678,3,1,1
13679,1,3,1
13680,5,5,5
13681,5,3,3
13682,2,1,1
13683,1,1,1
13684,2,4,2
13685,5,4,5
13686,3,3,2
13687,1,1,5
13688,1,1,2
13689,3,2,4
13690,3,1,1
13691,2,1,1
13692,4,4,5
13693,2,5,4
13694,5,5,5
13695,4,5,4
13696,1,3,4
13697,4,1,1
13698,1,2,2
13699,3,3,3
13700,4,5,4
13701,1,2,1
13702,1,1,1
13703,2,1,1
13704,5,5,4
13705,5,4,4
13706,2,2,3
13707,2,4,5
13708,2,1,2
13709,5,5,5
13710,4,3,2
13711,2,5,4
13712,2,2,3
13713,2,3,3
13714,1,1,1
13715,2,5,5
13716,2,1,1
13717,4,5,4
13718,2,2,2
13719,5,5,4
13720,3,3,3
13721,4,2,3
13722,3,5,5
13723,2,4,4
13724,1,1,1
13725,4,5,4
13726,4,2,3
13727,4,4,3
13728,4,5,4
13729,1,3,3
13730,3,2,3
13731,2,2,3
13732,4,1,2
13733,1,3,2
13734,1,4,5
13735,4,5,5
13736,5,5,4
13737,2,1,2
13738,2,1,2
13739,5,2,2
13740,2,4,4
13741,3,3,3
13742,5,5,5
13743,5,4,4
13744,3,2,3
13745,3,3,3
13746,1,1,1
13747,2,2,1
13748,3,4,4
13750,4,5,5
13751,2,1,2
13752,3,4,4
13753,2,3,4
13754,3,3,2
13755,5,5,4
13756,5,5,5
13757,1,1,1
13758,5,5,5
13759,4,2,3
13760,4,4,4
13761,4,4,4
13762,2,4,4
13763,3,4,5
13764,3,4,5
13765,1,1,2
13766,1,1,1
13767,5,5,5
13768,1,2,3
13769,5,5,5
13770,1,3,3
13771,3,5,5
13772,4,4,5
13773,2,2,2
13774,3,1,2
13775,1,1,3
13777,5,5,5
13778,3,3,3
13779,1,1,1
13780,5,3,3
13781,2,3,3
13782,5,5,4
13783,1,3,4
13784,5,5,5
13785,1,3,2
13786,2,4,5
13787,3,4,3
13788,1,1,1
13789,2,1,1
13790,5,1,2
13791,4,3,3
13792,3,3,2
13793,1,1,1
13794,1,1,1
13795,2,3,3
13796,1,1,2
13797,1,3,3
13798,5,5,5
13799,3,5,4
13800,2,3,4
13801,3,1,2
13802,3,5,5
13803,2,3,4
13804,4,4,5
13805,4,2,3
13806,3,1,1
13807,2,3,2
13808,5,4,4
13809,2,3,3
13810,4,2,3
13811,3,2,2
13812,4,3,2
13813,4,5,4
13814,3,3,4
13815,4,5,5
13816,4,3,2
13817,4,2,2
13818,1,1,1
13819,2,4,4
13820,1,4,3
13821,3,4,4
13822,5,2,3
13823,5,4,5
13824,4,5,5
13825,1,2,1
13826,3,2,1
13827,4,3,2
13828,4,1,1
13830,1,2,1
13831,5,5,5
13832,5,3,2
13833,3,2,3
13834,1,2,2
13835,4,4,3
13836,2,3,2
13837,2,2,1
13838,5,5,4
13839,1,1,1
13840,1,1,3
13841,2,1,1
13842,3,5,5
13843,2,1,2
13844,5,1,2
13845,3,1,2
13846,4,4,4
13847,1,1,2
13848,3,4,5
13849,4,4,5
13850,3,2,4
13851,3,4,5
13852,1,2,1
13853,5,2,3
13854,5,5,5
13855,1,4,4
13856,3,5,3
13857,2,4,3
13858,4,1,1
13859,2,2,2
13860,5,4,4
13861,1,3,1
13862,5,5,4
13863,2,4,4
13864,2,1,3
13865,3,3,2
13866,3,1,1
13867,4,3,3
13868,5,2,5
13869,3,5,5
13870,5,5,5
13871,4,5,5
13872,1,4,3
13873,3,4,3
13874,2,4,4
13875,4,5,5
13876,3,1,1
13877,3,4,2
13878,4,3,4
13879,1,1,2
13880,4,5,5
13881,5,5,5
13882,5,4,3
13883,5,5,5
13884,5,5,4
13885,2,2,2
13886,3,1,1
13887,2,1,2
13888,3,4,4
13889,3,4,4
13890,5,5,4
13891,2,3,3
13892,4,4,4
13893,2,1,3
13894,4,4,2
13895,4,4,5
13896,1,1,2
13897,4,3,3
13898,2,2,3
13899,5,2,2
13900,3,4,4
13901,3,5,5
13902,1,4,5
13903,2,1,1
13904,4,2,2
13905,1,3,1
13906,1,1,1
13907,1,1,1
13908,3,4,4
13909,1,2,2
13911,4,5,5
13912,1,1,1
13913,1,1,1
13914,5,2,3
13915,2,1,1
13916,1,3,4
13917,4,2,1
13918,4,2,4
13919,4,4,4
13920,1,3,4
13921,2,3,3
13922,2,3,3
13923,4,1,2
13924,5,5,4
13925,3,4,3
13926,4,1,1
13927,3,3,3
13928,5,3,2
13929,3,5,5
13930,4,2,2
13931,3,5,5
13932,2,1,2
13933,3,2,3
13934,2,1,3
13935,1,3,5
13936,3,3,3
13937,3,2,3
13938,4,1,1
13939,4,5,4
13940,5,3,3
13941,4,5,5
13942,1,1,2
13943,1,1,1
13944,1,1,1
13945,2,2,3
13946,3,4,4
13947,3,1,1
13948,2,4,2
13949,5,4,4
13950,5,3,3
13951,3,3,3
13952,2,5,5
13953,5,5,5
13954,5,3,2
13955,3,3,2
13956,5,4,3
13957,1,3,2
13958,2,5,5
13959,3,4,3
13960,4,2,1
13961,2,2,2
13962,4,3,2
13963,2,5,4
13964,2,3,2
13965,1,3,3
13966,1,1,2
13967,3,2,1
13968,1,1,1
13969,5,5,5
13970,2,2,3
13971,5,5,5
13972,3,2,1
13973,2,1,1
13974,4,3,3
13975,4,5,5
13976,2,3,3
13977,1,1,2
13978,5,2,1
13979,3,4,5
13980,3,4,3
13981,2,2,2
13982,4,5,5
13983,4,5,5
13984,4,5,4
13985,5,5,5
13986,5,1,2
13987,2,2,3
13988,4,5,5
13989,3,4,4
13990,2,1,2
13991,5,4,3
13992,4,3,1
13993,4,5,5
13994,5,4,4
13995,5,5,5
13996,2,2,3
13997,1,3,2
13998,1,3,2
13999,5,5,5
14000,2,4,4
14001,4,4,5
14002,3,2,2
14003,1,1,1
14004,4,5,5
14005,5,4,5
14006,3,4,4
14007,1,1,1
14008,1,1,2
14009,2,3,3
14010,1,3,2
14011,1,3,2
14012,2,1,2
14013,3,4,3
14014,3,3,4
14015,4,1,3
14016,3,5,5
14017,1,1,1
14018,1,1,2
14019,4,3,4
14020,5,4,4
14021,3,4,4
14022,2,2,3
14023,5,2,2
14024,3,3,3
14025,1,5,5
14026,1,2,3
14027,3,1,1
14028,1,3,5
14029,3,2,2
14030,5,5,5
14031,5,5,5
14032,5,5,5
14033,1,1,1
14034,4,3,2
14035,4,5,4
14036,2,1,3
14037,3,4,3
14038,3,4,5
14039,4,2,1
14040,4,5,5
14041,2,1,1
14042,1,1,2
14043,1,3,2
14044,4,5,5
14045,3,5,5
14046,2,1,1
14047,5,5,5
14048,2,3,3
14049,5,5,5
14050,4,2,3
14051,5,5,5
14052,4,2,2
14053,3,3,2
14054,3,1,1
14055,3,3,4
14056,5,5,5
14057,4,5,5
14058,1,2,2
14059,2,1,1
14060,5,5,5
14061,1,3,3
14062,5,5,5
14063,1,4,5
14064,4,5,5
14065,2,3,3
14066,2,1,1
14067,3,2,2
14068,2,3,4
14069,1,2,1
14070,1,1,2
14071,5,4,4
14072,1,1,2
14073,4,1,1
14074,1,1,1
14075,5,4,4
14076,3,1,1
14077,4,4,3
14078,3,4,4
14079,3,2,3
14080,4,4,3
14081,2,5,5
14082,2,2,2
14083,5,5,3
14084,1,1,1
14085,5,5,5
14086,1,1,1
14087,5,3,3
14088,5,5,5
14089,4,1,1
14090,2,1,1
14091,1,2,5
14092,5,5,5
14093,5,1,2
14094,1,2,2
14095,1,1,1
14096,5,5,5
14097,1,2,2
14098,4,1,1
14099,5,5,5
14100,3,1,1
14101,3,5,5
14102,5,4,4
14103,1,1,1
14104,3,4,3
14105,3,4,5
14106,1,1,1
14107,4,5,5
14108,4,4,3
14109,3,1,1
14110,5,5,5
14111,5,4,3
14112,4,5,5
14113,5,5,5
14114,2,4,4
14115,1,2,3
14116,4,4,4
14117,3,1,1
14118,1,1,2
14119,2,2,1
14121,5,4,4
14122,2,3,2
14123,1,1,2
14124,3,1,2
14125,5,3,4
14126,5,4,3
14127,3,4,4
14128,3,3,3
14129,5,4,4
14130,2,3,4
14131,1,1,1
14132,5,5,5
14133,3,4,3
14134,2,5,5
14135,5,5,5
14136,2,4,4
14137,1,2,2
14138,5,2,3
14139,4,3,3
14140,5,2,3
14141,5,4,3
14142,2,3,3
14143,3,1,1
14144,1,1,1
14145,4,4,5
14146,5,5,5
14147,3,5,4
14148,2,2,2
14149,2,2,1
14150,4,2,3
14151,1,2,3
14152,3,4,4
14153,1,1,1
14154,2,5,5
14155,2,1,1
14156,5,5,5
14157,4,4,3
14158,4,1,2
14159,4,5,5
14160,1,4,5
14161,2,4,5
14162,3,2,2
14163,3,4,4
14164,3,2,4
14165,2,1,1
14166,1,2,1
14167,4,4,4
14168,1,3,2
14169,1,2,3
14170,2,3,2
14171,3,2,2
14172,1,3,2
14173,5,4,2
14174,4,1,1
14175,4,5,5
14176,2,4,3
14177,3,5,4
14178,5,4,4
14179,4,2,3
14180,5,5,5
14181,1,2,2
14182,1,4,3
14183,1,2,2
14184,3,1,2
14185,2,1,1
14186,1,4,4
14187,1,1,1
14188,5,5,4
14189,5,5,5
14190,1,1,1
14191,5,5,5
14192,2,1,2
14193,3,3,4
14194,5,5,5
14195,2,5,4
14196,3,1,2
14197,1,1,2
14198,5,5,4
14199,2,3,3
14200,1,1,2
14201,3,5,3
14202,2,3,3
14203,2,1,2
14204,5,3,3
14205,5,5,4
14206,2,3,3
14207,1,1,1
14208,3,2,2
14209,5,5,5
14210,3,5,5
14211,4,5,5
14212,3,2,4
14214,4,4,3
14215,5,5,5
14216,5,4,4
14217,5,5,5
14218,4,1,1
14219,5,3,3
14220,2,3,4
14221,4,5,5
14222,3,1,3
14223,3,3,3
14224,3,4,4
14225,1,4,4
14226,4,4,5
14227,4,5,5
14228,1,3,3
14229,4,5,4
14230,1,3,3
14231,3,4,3
14232,4,4,4
14233,4,5,4
14234,4,3,3
14235,3,4,5
14236,3,4,4
14237,2,3,2
14238,2,3,2
14239,4,5,5
14240,4,3,4
14241,3,2,2
14242,2,2,1
14243,5,5,5
14244,1,2,2
14245,3,4,4
14246,3,3,4
14247,2,4,3
14248,2,3,3
14249,1,5,5
14250,5,3,4
14251,5,4,5
14252,2,1,2
14253,1,2,2
14254,1,1,2
14256,2,4,4
14257,3,4,5
14258,5,5,5
14259,3,1,1
14260,1,3,3
14261,4,2,3
14262,5,4,4
14263,1,1,2
14264,3,4,4
14265,3,3,4
14266,1,1,1
14267,3,4,4
14268,1,1,2
14269,1,2,1
14270,2,1,2
14271,2,2,1
14272,3,3,3
14273,4,3,2
14274,1,1,1
14275,2,4,3
14276,3,5,4
14277,5,5,5
14278,1,1,1
14279,1,2,1
14280,2,1,1
14281,2,1,1
14282,5,5,5
14283,1,3,3
14284,4,3,4
14285,4,4,5
14286,4,5,5
14287,5,3,1
14288,2,2,2
14289,5,4,3
14290,5,5,5
14291,5,5,5
14292,5,5,5
14293,5,4,4
14294,2,1,2
14295,4,4,4
14296,1,3,2
14297,5,4,4
14298,5,5,5
14299,5,5,5
14300,5,1,1
14301,3,4,4
14302,1,3,3
14303,2,2,1
14304,2,4,4
14305,3,4,4
14306,4,4,5
14307,3,5,5
14309,5,5,5
14310,1,1,2
14311,2,3,2
14312,4,5,5
14314,3,3,1
14315,4,5,5
14316,1,4,4
14317,3,1,2
14318,1,1,1
14319,1,1,2
14320,2,4,4
14321,5,4,4
14322,1,4,2
14323,3,3,2
14324,1,2,3
14325,1,1,1
14326,2,3,3
14327,3,4,4
14329,5,5,5
14330,1,1,1
14331,3,2,2
14332,4,4,4
14333,3,2,2
14334,5,5,5
14335,5,2,2
14336,5,3,4
14338,3,3,3
14339,2,3,3
14340,2,1,1
14341,4,5,5
14342,4,4,3
14343,1,3,3
14344,3,5,5
14345,4,1,1
14346,3,4,4
14347,1,1,1
14348,2,1,2
14349,5,1,1
14350,2,3,3
14351,3,1,1
14352,3,3,3
14353,2,3,2
14354,5,2,1
14355,2,3,3
14356,3,3,3
14357,4,1,1
14358,2,2,2
14359,4,4,3
14360,4,3,4
14361,1,1,1
14362,4,1,1
14363,2,2,1
14364,3,4,5
14365,2,2,3
14366,1,1,1
14367,5,5,5
14368,2,1,1
14369,1,2,2
14370,1,4,3
14371,2,1,1
14372,1,2,3
14373,2,1,1
14374,1,1,1
14375,3,3,3
14376,1,1,1
14377,2,2,3
14378,1,1,1
14379,4,3,4
14380,1,1,1
14381,4,2,3
14382,4,2,4
14383,4,3,4
14384,1,1,1
14385,5,3,1
14386,2,1,1
14387,4,3,4
14388,5,5,5
14389,5,5,4
14390,5,5,5
14391,1,1,1
14392,1,1,1
14393,2,1,1
14394,1,1,1
14395,5,5,5
14396,3,4,4
14397,5,5,4
14398,2,2,3
14399,2,4,4
14400,3,3,4
14401,5,5,5
14402,1,1,2
14403,3,4,4
14404,4,5,4
14405,2,1,1
14406,3,1,1
14407,3,4,4
14408,5,5,5
14409,3,5,5
14410,5,5,4
14411,2,1,3
14412,4,3,4
14413,2,3,3
14414,3,4,4
14415,5,5,5
14416,4,2,2
14417,2,1,3
14418,5,3,4
14419,5,4,4
14420,3,4,4
14421,4,4,4
14422,5,5,5
14423,2,3,3
14424,5,1,2
14425,1,3,3
14426,5,5,5
14427,4,3,4
14428,5,4,4
14429,2,1,2
14430,1,3,3
14431,2,4,4
14432,5,4,4
14433,1,1,2
14434,4,4,4
14435,1,1,1
14436,3,2,1
14437,2,4,3
14438,2,1,1
14439,2,4,5
14440,5,5,5
14441,5,5,5
14442,2,4,5
14443,4,4,4
14444,1,1,1
14445,1,1,1
14446,5,4,4
14447,5,4,4
14448,5,2,2
14449,5,4,4
14450,3,4,3
14451,3,5,5
14452,5,3,3
14453,2,1,1
14454,2,4,3
14455,1,3,2
14456,5,5,5
14457,2,1,1
14458,2,1,1
14459,3,2,5
14460,3,5,3
14461,3,5,5
14462,3,5,4
14463,3,3,3
14464,1,2,1
14465,2,5,5
14466,4,5,5
14467,5,5,4
14468,1,1,1
14469,1,3,4
14470,5,3,3
14471,1,2,2
14472,3,4,4
14473,3,2,1
14474,4,3,4
14475,3,4,3
14476,2,1,1
14477,4,5,4
14478,2,3,4
14479,2,3,3
14480,5,4,4
14481,3,4,4
14482,5,5,5
14483,2,2,1
14484,4,3,3
14485,4,1,1
14486,1,2,1
14487,4,4,4
14488,4,2,3
14489,2,3,4
14490,2,2,4
14491,3,2,2
14492,1,4,4
14493,5,5,5
14494,4,3,2
14495,4,3,1
14496,2,5,4
14497,2,3,3
14498,4,5,5
14499,4,5,4
14500,3,3,2
14501,3,3,1
14502,4,5,4
14503,5,4,5
14504,4,3,3
14505,5,5,5
14506,5,4,5
14507,4,5,5
14508,4,4,3
14509,1,1,1
14510,2,3,3
14511,5,4,4
14512,2,4,4
14513,3,4,3
14514,3,4,5
14515,5,5,5
14516,1,1,1
14517,4,2,2
14518,3,1,1
14519,1,2,1
14520,5,2,1
14521,1,2,1
14522,4,4,4
14523,3,1,1
14524,4,5,5
14525,5,5,5
14526,2,1,1
14527,5,5,5
14528,4,1,2
14529,3,3,3
14530,4,5,5
14531,1,1,2
14532,2,5,5
14533,4,5,5
14534,5,5,5
14535,3,5,5
14536,2,1,1
14537,4,3,3
14538,3,4,4
14539,5,2,2
14540,5,5,5
14541,3,5,4
14542,3,1,1
14543,5,5,5
14544,4,3,5
14545,1,1,2
14546,5,5,5
14547,5,4,5
14548,3,4,4
14549,2,3,3
14550,5,3,4
14551,5,4,3
14552,3,3,2
14553,4,5,4
14554,5,3,4
14555,4,4,4
14556,1,3,3
14558,1,4,3
14559,2,1,1
14560,5,5,5
14561,3,3,3
14562,5,5,5
14563,1,2,3
14564,1,3,4
14565,3,4,5
14566,3,3,5
14567,4,3,4
14568,1,1,3
14569,5,3,2
14570,2,3,3
14571,1,1,1
14572,5,5,5
14573,3,5,4
14574,1,1,1
14575,1,1,2
14576,2,1,1
14577,5,4,4
14578,5,1,1
14579,1,1,1
14580,1,1,1
14581,5,2,2
14582,4,1,1
14583,5,4,4
14584,3,4,4
14585,4,4,3
14586,2,1,1
14587,5,5,4
14588,1,1,1
14589,2,1,1
14590,1,5,5
14591,5,3,4
14592,4,3,2
14593,4,5,5
14594,5,2,2
14595,4,4,4
14596,1,1,1
14597,5,4,4
14598,4,3,1
14599,2,2,2
14600,2,2,3
14601,5,1,1
14602,1,1,1
14603,2,1,3
14604,1,1,1
14605,2,3,3
14606,5,5,5
14607,5,5,5
14608,5,5,5
14609,3,5,4
14610,2,2,1
14611,1,3,2
14612,1,1,3
14613,1,1,1
14614,2,1,2
14615,2,4,3
14616,2,4,2
14617,2,2,1
14618,5,4,4
14619,2,3,4
14620,2,3,2
14621,5,5,5
14622,3,1,2
14623,4,5,4
14624,4,4,3
14625,2,5,5
14626,5,5,5
14627,2,3,2
14628,3,4,4
14629,5,3,3
14630,1,1,2
14631,4,4,4
14632,2,1,1
14633,2,1,2
14634,1,3,4
14635,1,1,1
14636,4,2,3
14637,1,1,1
14638,4,1,2
14639,4,5,5
14640,4,5,5
14641,4,1,1
14642,3,1,1
14643,3,4,4
14644,5,5,4
14645,3,3,3
14646,5,5,5
14647,2,2,2
14648,1,5,5
14649,5,5,5
14650,1,1,1
14651,3,4,4
14652,3,1,1
14653,5,5,5
14654,1,1,1
14655,5,5,5
14656,3,4,3
14657,5,4,4
14658,5,2,1
14659,5,5,4
14660,3,2,2
14661,4,1,1
14662,4,4,4
14663,1,2,2
14664,4,2,3
14665,3,4,4
14666,4,1,1
14667,5,5,5
14668,1,1,1
14669,2,4,5
14670,2,3,2
14671,1,2,3
14672,2,3,3
14673,5,4,5
14674,1,1,1
14675,5,2,3
14676,4,5,5
14677,1,1,1
14678,1,1,2
14679,2,4,4
14680,4,5,5
14681,3,4,3
14682,2,4,4
14683,1,1,1
14684,4,4,4
14685,1,5,5
14686,1,4,3
14687,3,3,4
14688,5,5,5
14689,2,1,1
14690,4,4,3
14691,4,4,4
14692,3,5,4
14693,2,4,3
14694,1,1,1
14695,1,3,4
14696,5,5,4
14697,2,2,1
14698,5,4,4
14699,2,3,3
14700,4,4,5
14701,5,5,5
14702,5,5,5
14703,5,1,2
14704,5,5,4
14705,2,1,1
14706,1,1,2
14707,1,2,1
14708,5,4,4
14709,5,5,5
14710,5,5,4
14711,5,5,4
14712,4,3,4
14713,5,5,5
14714,4,4,3
14715,4,4,4
14716,4,3,2
14717,1,1,1
14718,1,1,1
14719,5,4,4
14720,5,3,3
14721,2,1,1
14722,3,3,2
14723,5,5,4
14724,1,1,2
14725,4,4,4
14726,1,1,1
14727,2,3,2
14728,1,1,1
14729,2,3,2
14730,5,4,4
14731,4,3,2
14732,5,5,5
14733,5,5,5
14734,1,4,3
14735,5,5,5
14736,1,2,2
14737,5,3,5
14738,4,4,4
14739,5,5,5
14740,2,5,5
14741,5,4,4
14742,1,1,2
14743,1,1,1
14744,5,5,5
14745,3,5,4
14746,2,3,2
14747,2,1,2
14748,4,5,4
14749,1,1,2
14750,1,1,1
14751,1,2,1
14752,4,1,2
14753,3,2,3
14754,4,4,4
14755,5,5,5
14756,5,3,4
14757,3,1,2
14758,3,4,4
14759,5,3,4
14760,2,1,1
14761,3,3,2
14762,2,2,2
14764,4,2,1
14765,4,3,1
14766,5,5,5
14767,1,1,2
14768,5,2,1
14769,5,5,5
14770,2,4,5
14771,1,3,2
14772,3,1,1
14773,1,1,1
14774,1,1,1
14775,3,3,3
14776,4,5,5
14777,5,3,1
14778,3,2,3
14779,2,3,2
14780,4,2,2
14782,2,1,1
14783,1,2,2
14784,4,3,2
14785,5,2,1
14786,1,1,1
14787,1,1,1
14788,5,3,3
14789,4,1,1
14790,5,5,4
14791,1,1,2
14793,5,3,3
14794,5,5,4
14795,3,1,1
14796,5,5,5
14797,1,1,2
14798,4,4,3
14799,4,2,2
14800,4,5,5
14801,3,1,1
14803,3,3,3
14804,5,1,2
14805,5,4,3
14806,3,2,2
14807,2,2,2
14808,4,5,4
14809,1,2,3
14810,4,5,4
14811,2,1,1
14812,1,1,1
14813,2,3,3
14814,1,1,1
14815,4,2,3
14816,2,1,1
14817,2,4,5
14818,3,4,3
14819,3,3,2
14820,4,4,4
14821,2,4,4
14822,1,1,1
14823,3,3,2
14824,5,5,5
14825,5,5,5
14826,1,2,2
14827,1,1,1
14828,2,5,5
14829,4,4,4
14830,4,1,1
14831,1,4,4
14833,1,1,1
14834,5,4,4
14835,1,3,2
14836,5,3,1
14837,3,5,5
14838,1,2,3
14839,1,3,3
14840,2,3,2
14841,4,5,5
14842,4,4,4
14843,1,1,1
14844,3,5,5
14845,1,1,1
14846,1,2,2
14847,3,3,4
14848,2,1,2
14849,4,5,5
14850,2,4,4
14851,4,3,3
14852,3,5,5
14853,5,4,4
14854,3,5,5
14855,3,4,5
14856,4,3,4
14857,3,5,5
14858,1,1,1
14859,5,4,4
14860,5,2,1
14861,4,5,4
14862,4,2,3
14863,4,1,1
14865,5,3,1
14866,5,5,5
14867,3,5,5
14868,5,5,5
14869,5,4,4
14870,2,4,4
14871,5,4,4
14872,1,3,3
14873,2,2,3
14874,1,1,1
14875,5,4,4
14876,1,2,1
14877,1,2,2
14878,5,5,5
14879,1,1,1
14880,3,3,3
14881,4,1,1
14882,4,5,5
14883,5,4,3
14884,1,1,1
14885,3,3,4
14886,2,1,2
14887,3,1,4
14888,2,1,2
14889,2,1,1
14890,2,3,3
14891,3,3,3
14892,1,1,1
14893,5,4,4
14894,3,4,4
14895,5,5,5
14896,2,5,4
14897,5,4,5
14898,4,5,5
14899,2,1,4
14900,1,1,1
14901,5,5,4
14902,4,4,3
14903,4,4,4
14904,5,3,4
14905,3,5,4
14907,5,5,5
14908,3,2,2
14909,1,4,4
14910,5,4,2
14911,5,5,5
14912,5,4,4
14913,4,4,5
14915,3,5,4
14916,3,5,5
14917,1,2,3
14918,3,4,5
14919,1,1,2
14920,2,3,4
14921,4,2,4
14922,2,2,3
14923,4,1,3
14924,2,3,3
14926,2,3,2
14927,2,1,2
14928,1,2,1
14929,4,2,3
14930,3,4,5
14931,5,3,3
14932,2,2,3
14933,1,4,3
14934,3,4,4
14935,2,2,4
14936,5,5,5
14937,4,3,4
14938,1,3,4
14940,1,2,2
14941,1,1,1
14942,2,3,3
14943,1,1,1
14944,4,5,5
14945,1,1,1
14946,5,1,1
14947,3,4,3
14948,4,4,3
14949,1,4,2
14950,5,2,2
14951,3,1,2
14952,4,5,5
14953,4,4,3
14954,5,2,2
14955,1,1,1
14956,1,1,4
14957,2,2,2
14958,3,4,3
14959,3,4,3
14960,5,2,1
14961,5,5,5
14962,2,3,2
14963,5,5,5
14964,2,1,1
14965,3,2,2
14966,5,4,3
14967,4,4,4
14968,4,2,2
14969,1,1,3
14970,3,5,5
14971,4,3,3
14972,3,2,1
14973,3,3,4
14974,4,1,1
14975,4,2,2
14976,4,4,3
14977,1,1,1
14978,3,5,5
14979,1,1,2
14980,1,1,1
14981,2,2,2
14982,1,1,1
14983,1,1,1
14984,4,4,4
14985,2,2,2
14986,2,2,2
14987,5,4,4
14988,2,4,4
14989,1,1,2
14990,1,2,2
14991,1,1,2
14992,1,1,1
14993,1,1,1
14994,2,4,3
14995,4,2,1
14996,1,2,2
14997,4,4,3
14998,3,3,3
14999,1,1,1
15000,4,1,2
15001,2,2,1
15002,3,4,5
15003,1,4,3
15004,3,1,4
15005,5,5,5
15006,4,2,3
15007,3,1,1
15008,1,2,2
15009,5,3,4
15010,4,1,2
15011,2,2,2
15012,4,3,3
15013,1,5,4
15014,4,2,1
15015,1,5,4
15016,3,4,3
15017,4,1,1
15018,4,3,2
15019,2,1,1
15020,2,1,1
15021,5,5,4
15022,5,4,3
15023,5,5,5
15024,5,5,5
15025,4,2,3
15026,3,4,3
15027,4,5,5
15028,5,4,3
15029,1,2,2
15030,3,4,4
15031,5,5,5
15032,2,5,5
15033,5,5,4
15034,5,5,5
15035,3,1,1
15036,3,3,2
15037,2,2,2
15038,3,4,3
15039,5,5,5
15040,1,1,1
15041,3,2,2
15042,2,2,2
15043,4,4,5
15044,4,5,5
15045,3,2,3
15046,5,5,5
15047,2,1,2
15048,3,4,2
15049,2,1,1
15050,4,4,5
15051,4,5,5
15052,2,1,1
15053,5,3,3
15054,5,2,2
15055,1,3,2
15056,1,1,1
15057,2,4,5
15058,4,5,5
15059,4,5,5
15060,5,3,2
15061,5,5,5
15062,3,4,4
15063,2,1,2
15064,1,3,4
15065,4,4,5
15066,4,2,3
15067,3,4,5
15068,4,3,3
15069,3,1,3
15070,2,3,3
15071,3,3,4
15072,1,1,1
15073,5,4,4
15074,3,3,4
15075,3,1,3
15076,3,4,4
15077,1,3,4
15078,5,5,5
15079,2,5,5
15080,1,2,2
15081,4,5,4
15082,1,1,1
15083,2,1,1
15084,2,2,3
15085,1,1,2
15086,1,2,1
15087,2,1,2
15088,4,3,3
15089,5,4,4
15090,2,1,2
15091,4,4,3
15092,2,3,3
15093,5,5,5
15094,1,2,1
15095,3,5,5
15096,4,1,1
15097,5,4,2
15098,3,3,5
15099,3,1,2
15100,2,5,4
15101,5,5,4
15102,1,2,2
15103,4,2,3
15104,3,3,3
15105,5,4,5
15106,5,4,4
15107,2,5,3
15108,3,4,4
15109,2,3,3
15110,4,4,4
15111,4,4,4
15112,1,1,1
15113,5,3,5
15114,4,5,5
15115,5,3,2
15116,5,3,4
15117,5,4,4
15118,3,1,1
15119,2,1,1
15120,3,1,2
15121,4,2,2
15122,3,5,5
15123,5,4,5
15124,4,3,2
15125,4,5,5
15126,1,2,2
15127,3,2,3
15128,3,4,4
15129,4,5,5
15130,3,1,2
15131,2,1,1
15132,5,4,3
15133,3,4,4
15134,5,5,4
15135,2,3,2
15136,5,4,4
15137,1,3,3
15138,2,2,2
15139,2,2,1
15140,4,4,5
15141,1,4,4
15142,4,4,4
15143,2,2,2
15144,5,5,5
15145,5,3,3
15146,3,3,4
15147,2,2,3
15148,5,1,2
15149,3,4,4
15150,5,5,5
15151,1,2,4
15152,5,5,5
15153,4,1,2
15154,3,3,4
15155,2,1,2
15156,5,3,3
15157,5,4,4
15158,4,3,2
15159,5,5,5
15160,2,3,2
15161,2,1,1
15162,1,2,1
15163,5,2,2
15164,3,5,4
15165,2,1,2
15166,1,1,1
15167,2,4,4
15168,4,1,1
15169,2,2,2
15170,2,1,1
15171,2,1,3
15172,5,4,4
15173,2,4,4
15174,2,2,2
15175,3,1,1
15176,1,2,3
15177,1,1,3
15178,2,1,1
15179,5,5,5
15180,2,3,3
15181,3,4,3
15182,3,5,5
15183,1,3,3
15184,4,3,3
15185,3,1,2
15186,5,4,4
15187,5,5,5
15188,1,1,2
15189,5,5,5
15190,1,1,3
15191,1,3,2
15192,3,4,4
15193,3,1,2
15194,5,5,5
15195,5,1,5
15196,1,2,2
15197,5,4,4
15198,3,4,2
15199,3,5,5
15200,1,1,2
15201,3,5,4
15203,4,5,5
15204,2,1,2
15205,3,2,3
15206,5,3,2
15207,1,3,3
15208,5,4,3
15209,1,1,1
15210,2,3,3
15211,3,2,3
15212,2,3,1
15213,2,3,2
15214,5,4,4
15215,4,5,4
15216,3,2,2
15217,1,1,2
15218,5,5,5
15219,3,2,3
15220,4,4,4
15221,2,4,4
15222,2,5,5
15223,2,4,3
15224,2,4,3
15225,2,1,2
15226,2,1,1
15227,4,4,4
15228,3,4,5
15229,1,1,1
15230,2,2,2
15231,1,2,1
15232,3,2,3
15233,2,1,1
15234,2,1,1
15235,2,5,4
15236,2,1,2
15237,5,3,4
15238,4,3,3
15239,5,3,3
15240,4,5,5
15241,3,5,5
15242,1,1,2
15243,3,2,3
15244,3,3,3
15245,3,4,5
15246,2,3,3
15247,3,3,3
15248,1,3,4
15249,4,5,5
15250,1,1,1
15251,5,5,5
15252,4,4,4
15253,5,5,4
15254,3,3,3
15255,3,5,5
15256,3,2,1
15257,2,3,2
15258,3,2,3
15259,1,3,3
15260,3,5,5
15261,3,3,4
15262,2,3,2
15263,3,1,1
15264,3,3,3
15265,3,3,5
15266,2,4,3
15267,4,4,4
15268,1,3,3
15269,4,3,4
15270,5,5,5
15271,5,5,5
15272,4,4,4
15273,1,1,1
15274,5,2,3
15275,4,2,3
15276,3,3,3
15277,4,2,2
15278,1,3,2
15279,2,4,4
15280,3,3,2
15281,3,5,5
15282,1,1,2
15283,2,3,1
15284,1,1,1
15285,2,1,1
15286,4,1,1
15287,4,4,3
15288,4,5,5
15289,4,4,4
15290,5,5,5
15291,4,5,5
15292,2,1,1
15293,1,1,1
15294,2,2,1
15295,1,1,1
15296,4,5,5
15297,5,3,3
15298,5,5,5
15299,3,5,5
15300,3,1,2
15301,4,5,5
15302,1,1,2
15303,2,3,3
15304,3,5,3
15305,1,1,1
15306,3,5,5
15307,3,1,1
15308,2,2,2
15309,1,4,3
15310,1,1,4
15311,5,5,5
15312,3,5,5
15313,3,1,1
15314,2,3,3
15315,3,2,2
15316,2,1,1
15317,1,1,1
15318,5,1,2
15319,2,1,1
15320,4,1,1
15321,4,5,5
15322,3,3,4
15323,1,3,2
15324,1,1,1
15325,3,4,4
15326,2,4,4
15327,4,1,1
15328,2,1,1
15329,4,5,4
15330,4,2,3
15331,1,3,3
15332,2,4,5
15333,2,1,3
15334,3,3,2
15335,4,1,1
15336,2,1,1
15337,2,2,2
15338,1,1,2
15339,3,5,4
15340,1,1,1
15341,3,2,4
15342,3,2,2
15343,3,1,2
15344,5,3,2
15345,4,2,2
15346,2,3,2
15347,2,4,3
15348,3,1,1
15349,3,2,2
15350,2,2,2
15351,5,5,5
15352,1,1,1
15353,2,4,4
15355,4,2,1
15356,4,5,5
15358,5,5,5
15359,1,4,1
15360,4,1,2
15361,2,3,3
15362,1,2,3
15363,2,3,3
15364,3,2,3
15365,4,5,5
15366,3,4,4
15367,4,5,5
15368,4,2,3
15369,2,5,5
15370,4,4,5
15371,1,1,1
15372,3,5,5
15373,5,5,5
15374,3,2,2
15375,1,1,1
15376,4,3,4
15377,2,4,3
15378,1,2,1
15379,3,4,5
15380,5,5,5
15381,2,4,4
15382,5,5,5
15384,3,4,4
15385,4,3,3
15386,2,1,2
15387,1,1,2
15388,2,1,1
15389,3,4,4
15390,2,2,4
15391,1,2,2
15392,5,4,5
15393,5,4,3
15394,5,5,5
15395,2,1,1
15396,3,2,3
15397,2,1,1
15398,5,3,4
15399,5,3,3
15400,3,4,4
15401,1,2,1
15402,3,4,4
15403,1,2,1
15404,2,1,1
15405,2,2,3
15406,4,4,3
15407,4,3,3
15408,2,1,1
15409,1,2,1
15410,3,5,5
15411,4,3,4
15412,3,1,1
15413,1,4,5
15414,5,3,3
15415,2,1,2
15416,3,4,5
15417,3,1,2
15418,1,2,2
15419,4,1,1
15420,1,4,3
15421,3,5,5
15422,2,4,4
15423,4,3,1
15424,2,3,2
15425,2,3,4
15426,4,5,4
15427,4,3,4
15428,5,3,3
15429,4,3,2
15430,1,3,3
15431,1,1,1
15432,4,3,2
15433,3,3,2
15434,5,5,4
15435,4,1,1
15436,5,3,3
15437,2,2,2
15438,3,1,1
15439,2,3,4
15440,4,3,2
15441,2,3,4
15442,2,1,2
15443,5,5,5
15444,5,2,4
15445,2,2,2
15446,2,3,2
15447,2,4,2
15448,2,2,3
15449,4,4,3
15450,4,1,2
15451,1,2,1
15452,4,4,4
15453,5,4,4
15454,2,2,2
15455,1,1,1
15456,2,5,4
15457,2,1,1
15458,4,2,2
15459,1,2,1
15460,2,1,1
15461,1,2,2
15462,3,3,3
15463,4,1,1
15464,2,1,3
15465,4,5,5
15466,3,3,4
15467,5,3,2
15468,4,4,4
15469,4,4,3
15470,1,1,1
15471,5,3,4
15472,3,1,2
15473,5,5,4
15474,1,1,1
15475,3,1,2
15476,2,3,4
15477,1,1,2
15478,4,3,4
15479,1,1,1
15480,3,3,5
15481,2,1,4
15482,5,5,5
15483,3,5,3
15484,5,4,5
15485,4,4,5
15486,1,1,1
15487,1,1,1
15488,3,4,2
15489,4,5,4
15490,1,2,1
15491,3,4,5
15492,4,2,3
15493,4,5,5
15494,4,4,5
15495,2,1,1
15496,1,1,1
15497,5,5,5
15498,5,5,5
15499,1,1,1
15500,5,3,3
15501,2,2,2
15502,5,5,5
15503,2,2,1
15504,3,4,2
15505,4,4,5
15506,4,4,4
15507,3,1,2
15508,2,4,3
15509,2,1,1
15510,2,1,1
15511,5,4,3
15512,3,3,2
15513,4,5,5
15514,5,5,5
15515,2,1,1
15516,4,3,1
15517,2,1,1
15518,3,5,5
15519,2,2,2
15520,5,1,2
15521,4,5,5
15522,4,2,2
15523,3,5,5
15524,4,2,2
15525,5,4,3
15526,4,2,1
15527,5,5,5
15528,2,1,1
15529,4,5,5
15530,4,4,4
15531,5,2,4
15532,4,5,5
15533,4,3,3
15534,1,1,1
15535,3,5,3
15536,1,1,1
15537,3,1,1
15538,1,4,5
15539,5,1,2
15540,5,2,2
15541,3,1,1
15542,1,3,3
15543,2,2,1
15544,5,5,5
15545,4,2,2
15546,1,3,2
15547,5,5,5
15548,1,1,1
15549,3,4,4
15550,5,5,4
15551,4,4,4
15552,2,2,1
15553,3,1,2
15554,2,1,1
15555,5,5,5
15556,4,1,1
15557,4,1,2
15558,1,1,1
15559,1,1,3
15560,2,2,1
15561,5,4,4
15562,2,3,3
15563,5,5,4
15564,1,2,1
15565,4,2,1
15566,2,2,1
15567,5,1,1
15568,5,3,3
15569,3,5,5
15570,5,5,5
15571,5,5,5
15572,5,5,5
15573,4,4,4
15574,3,4,3
15575,1,1,1
15576,4,1,3
15577,3,4,2
15578,3,1,1
15579,3,4,4
15580,2,5,4
15581,3,5,5
15582,4,3,3
15583,2,1,1
15584,4,4,4
15585,3,1,2
15586,1,3,3
15587,4,4,4
15588,1,1,2
15589,2,3,2
15590,2,4,4
15591,1,3,1
15592,4,1,2
15593,3,1,1
15594,5,4,4
15595,1,1,2
15596,3,5,4
15597,4,3,2
15598,4,3,2
15599,4,3,4
15600,1,4,3
15601,5,5,5
15602,5,5,5
15603,3,3,1
15604,4,1,1
15605,4,5,4
15606,4,5,5
15607,2,5,4
15608,4,4,4
15609,3,1,1
15610,4,1,1
15611,5,5,4
15612,4,2,1
15613,1,1,2
15614,1,4,5
15615,5,5,5
15616,1,1,2
15617,2,3,3
15618,4,4,3
15619,5,1,2
15620,4,4,4
15621,5,4,3
15622,4,5,5
15623,3,4,4
15624,3,3,2
15625,3,5,5
15626,3,3,3
15627,1,2,2
15628,5,5,5
15629,1,3,4
15630,4,3,4
15631,1,1,2
15632,5,5,5
15633,1,5,5
15634,5,2,2
15635,2,1,1
15636,3,3,4
15637,4,4,3
15638,2,4,4
15639,3,3,3
15640,5,5,5
15641,3,5,5
15642,1,1,1
15643,3,4,3
15644,3,3,3
15645,5,3,3
15646,3,4,3
15647,1,1,1
15648,2,3,3
15649,2,3,4
15650,1,2,2
15651,4,4,4
15652,3,4,4
15653,3,2,3
15654,5,2,3
15655,2,2,2
15656,4,3,3
15657,4,1,1
15658,2,5,4
15659,4,3,2
15660,4,5,4
15661,2,4,4
15662,1,2,2
15663,3,1,1
15664,4,4,4
15665,3,4,5
15666,1,2,3
15667,4,1,2
15668,2,1,1
15669,4,4,3
15670,2,3,2
15671,5,4,4
15672,1,1,1
15673,3,5,5
15674,3,5,5
15675,3,3,2
15676,5,3,5
15677,4,3,4
15678,4,3,4
15679,4,3,3
15680,5,5,5
15681,5,5,4
15682,1,3,2
15683,3,2,2
15684,1,4,1
15685,1,1,1
15686,1,1,1
15687,5,5,5
15688,1,1,1
15689,3,3,2
15690,5,2,1
15691,2,3,2
15692,4,1,1
15693,1,1,1
15694,5,5,5
15695,2,3,3
15696,4,5,5
15697,1,1,1
15698,1,1,1
15699,5,1,2
15700,3,3,3
15701,5,3,4
15702,1,2,1
15703,2,1,1
15704,3,4,5
15705,2,1,1
15706,3,4,3
15707,4,3,3
15708,4,5,5
15709,2,2,2
15710,1,1,3
15711,1,2,2
15712,5,5,5
15713,3,4,3
15714,5,4,3
15715,1,4,3
15716,3,5,4
15717,2,4,3
15718,1,1,2
15719,4,5,5
15720,4,2,3
15721,5,1,2
15722,4,5,5
15723,2,3,3
15724,2,4,2
15725,5,1,2
15726,2,1,2
15727,5,5,5
15728,4,3,2
15729,2,3,1
15730,3,4,4
15731,1,1,1
15732,2,5,4
15733,2,1,1
15734,3,3,4
15735,1,1,2
15736,1,3,4
15737,5,5,3
15738,5,5,5
15739,3,1,2
15740,4,1,1
15741,1,2,1
15742,1,1,1
15743,5,3,3
15744,3,1,1
15745,5,4,3
15746,3,1,1
15747,5,5,4
15748,4,3,3
15749,2,3,5
15750,5,5,5
15751,1,5,4
15752,4,5,5
15753,2,1,1
15754,4,5,5
15755,5,5,5
15756,3,3,2
15757,3,4,5
15758,4,1,1
15759,2,4,3
15761,1,1,1
15762,3,2,2
15763,4,3,3
15764,3,5,5
15765,1,1,2
15766,3,3,3
15768,3,5,5
15769,5,5,5
15770,1,1,2
15771,1,3,3
15772,1,1,1
15773,5,2,3
15774,3,4,4
15775,2,2,1
15776,3,1,1
15777,2,4,4
15778,1,1,2
15779,1,2,1
15780,3,3,2
15781,4,3,2
15782,5,4,5
15783,5,1,1
15784,1,2,3
15785,4,5,5
15786,4,4,5
15787,4,3,3
15788,1,2,1
15789,2,4,4
15790,5,1,1
15791,4,4,5
15792,2,2,3
15793,5,4,4
15794,1,2,3
15795,3,4,4
15796,5,5,5
15797,3,4,4
15798,1,3,4
15799,3,3,4
15800,3,4,4
15801,4,3,3
15803,4,3,4
15804,5,5,5
15805,4,5,5
15806,4,3,3
15807,4,4,4
15808,2,5,5
15809,4,4,3
15810,3,5,4
15811,5,5,5
15812,3,5,5
15813,2,2,4
15814,5,4,4
15815,3,4,4
15816,1,2,1
15817,1,3,4
15818,1,1,2
15819,4,5,5
15820,2,1,1
15821,4,2,2
15822,5,4,4
15823,2,4,5
15824,1,2,3
15825,3,1,2
15826,4,4,4
15827,3,5,5
15828,2,1,3
15829,3,2,3
15830,4,2,2
15831,3,3,3
15832,2,1,3
15833,1,1,1
15834,3,4,5
15835,4,3,3
15836,4,1,1
15837,3,2,3
15838,5,5,5
15839,4,4,3
15840,3,3,2
15841,3,5,4
15842,2,3,2
15843,2,1,1
15844,4,1,1
15845,5,5,5
15846,2,1,1
15847,4,4,3
15848,1,1,1
15850,4,4,3
15851,1,1,1
15852,2,3,1
15853,4,1,1
15854,5,5,5
15855,3,4,3
15856,5,5,5
15857,5,2,2
15858,5,5,5
15859,1,1,2
15860,4,5,4
15861,5,5,5
15862,5,5,4
15863,4,4,2
15864,4,4,4
15865,4,4,4
15866,3,1,1
15867,5,5,5
15868,1,1,1
15869,2,3,2
15870,4,3,3
15871,1,1,1
15872,5,3,3
15873,1,4,1
15874,3,5,5
15875,1,1,1
15876,1,2,4
15877,5,2,2
15878,1,2,2
15879,2,3,3
15880,2,1,2
15881,2,4,2
15882,2,4,3
15883,5,2,2
15884,1,2,1
15885,3,5,4
15886,3,3,3
15887,2,3,3
15888,3,3,2
15889,3,4,4
15890,2,4,2
15891,2,1,2
15892,1,1,1
15893,1,1,2
15894,2,2,1
15895,3,1,1
15897,2,2,1
15898,5,5,5
15899,2,1,1
15900,4,3,3
15901,5,4,3
15902,2,1,1
15903,5,5,5
15904,5,1,1
15905,1,1,1
15906,4,5,4
15907,5,3,3
15908,1,2,3
15909,3,1,1
15910,5,5,4
15911,1,4,4
15912,3,4,3
15913,1,1,1
15914,2,2,1
15915,2,1,2
15916,5,5,5
15917,2,4,2
15918,2,3,2
15919,4,2,3
15920,3,4,2
15921,3,3,3
15922,2,2,2
15923,2,1,1
15924,1,1,1
15925,2,1,1
15926,1,1,1
15927,1,1,1
15928,1,1,2
15929,1,1,2
15930,3,1,2
15931,1,1,1
15932,5,5,4
15933,4,3,3
15934,1,2,4
15935,2,2,2
15936,2,2,2
15937,3,1,1
15938,3,4,3
15939,3,5,5
15941,1,2,1
15942,3,1,2
15943,1,2,1
15944,2,3,4
15945,2,3,3
15946,1,3,4
15947,3,1,4
15948,5,3,4
15949,5,2,2
15950,5,5,5
15951,5,3,3
15952,4,3,3
15953,5,5,5
15954,1,1,1
15955,4,5,5
15956,1,2,3
15957,4,3,3
15958,3,3,2
15959,1,3,2
15960,2,4,2
15961,2,1,2
15962,1,1,2
15963,4,2,2
15964,1,1,1
15965,5,5,4
15966,1,2,2
15967,4,5,5
15968,2,1,2
15969,5,4,3
15970,2,2,3
15971,5,5,5
15972,1,4,4
15973,2,4,2
15974,4,4,5
15975,3,1,2
15976,3,4,4
15977,5,2,3
15978,3,4,5
15979,1,1,2
15980,3,4,5
15981,4,5,5
15982,1,1,2
15983,4,4,5
15984,5,5,5
15985,3,4,4
15986,4,2,2
15987,5,4,4
15988,4,3,3
15989,2,2,2
15990,4,4,4
15991,1,1,1
15992,5,3,3
15993,5,5,4
15994,4,4,3
15995,1,1,3
15996,3,4,4
15998,4,5,5
15999,1,1,1
16000,5,3,5
16001,2,2,2
16002,1,1,1
16003,4,5,5
16004,1,4,4
16005,5,5,4
16006,2,2,2
16007,4,4,5
16008,4,5,5
16009,4,3,3
16010,2,5,4
16011,5,5,5
16012,4,4,5
16013,5,5,5
16014,4,4,3
16015,5,3,3
16016,5,5,4
16017,4,4,4
16018,4,3,3
16019,5,5,5
16020,5,3,3
16021,2,2,2
16022,2,1,3
16023,4,3,3
16024,5,3,2
16025,4,1,2
16026,4,1,1
16027,3,5,4
16028,1,1,1
16029,4,5,5
16030,2,1,2
16031,3,2,2
16032,1,4,4
16033,5,5,5
16034,2,4,3
16035,1,1,1
16036,3,3,4
16037,2,4,4
16038,5,3,2
16039,1,2,2
16040,3,4,4
16041,4,3,5
16042,4,5,4
16043,4,4,4
16044,1,1,2
16045,3,4,5
16046,1,1,1
16047,1,1,1
16048,2,4,3
16049,4,4,4
16050,3,3,2
16051,1,1,1
16052,4,1,2
16053,4,4,5
16054,3,4,4
16055,2,1,1
16056,4,1,3
16057,5,5,5
16058,2,1,1
16059,3,5,5
16060,2,3,2
16061,2,2,1
16062,5,4,4
16063,2,1,2
16064,1,1,1
16065,2,5,4
16066,5,4,4
16067,1,4,5
16068,1,1,1
16069,1,1,2
16070,4,2,3
16071,4,3,3
16072,2,3,5
16073,2,2,1
16074,2,1,1
16075,1,3,3
16076,5,5,4
16077,1,1,3
16078,2,2,2
16079,5,3,4
16080,3,3,2
16081,4,4,5
16082,1,1,1
16083,3,3,4
16084,2,1,2
16085,4,5,4
16086,3,5,4
16087,2,4,4
16088,1,2,4
16089,2,2,1
16090,1,1,1
16091,3,2,2
16092,3,4,4
16093,3,1,1
16094,5,5,5
16095,1,1,2
16096,2,3,4
16097,2,1,1
16098,3,5,5
16099,4,4,4
16100,1,1,2
16101,5,4,5
16102,4,3,4
16103,5,5,5
16104,3,5,4
16105,2,4,4
16106,3,1,1
16107,5,4,5
16108,3,4,4
16109,2,3,3
16110,4,3,4
16111,1,1,2
16112,3,3,1
16113,3,1,1
16114,3,1,1
16115,5,5,4
16116,2,1,2
16117,2,3,3
16118,2,4,5
16119,5,4,4
16120,3,4,5
16121,4,4,4
16122,3,4,3
16123,4,1,2
16124,2,4,4
16125,2,5,5
16126,4,5,5
16127,4,2,3
16128,5,5,5
16129,2,3,4
16130,1,3,3
16131,4,5,5
16132,1,2,3
16133,5,5,5
16134,4,4,4
16135,2,2,3
16136,3,4,3
16137,1,1,2
16138,2,3,3
16139,5,4,3
16140,3,3,4
16141,3,2,3
16142,2,1,2
16143,5,5,5
16144,2,1,1
16145,5,5,5
16146,3,3,3
16147,3,4,4
16148,2,2,2
16149,5,3,2
16150,4,5,5
16152,2,1,4
16153,4,5,5
16155,2,4,3
16156,5,5,5
16157,5,3,3
16158,1,4,3
16159,2,3,4
16160,3,3,3
16161,5,5,5
16162,2,1,1
16163,2,5,4
16164,5,3,3
16165,1,1,1
16166,1,2,2
16167,1,4,4
16168,5,5,5
16169,5,3,4
16170,4,5,5
16171,3,1,1
16172,3,4,4
16173,5,4,4
16174,3,4,4
16175,3,4,4
16176,1,4,4
16177,4,5,4
16178,3,2,3
16179,3,1,1
16180,3,5,5
16181,3,1,2
16182,3,4,5
16183,3,3,3
16184,3,4,3
16185,5,3,3
16186,4,5,5
16187,4,5,5
16188,4,4,3
16189,5,2,1
16190,4,4,4
16191,5,5,5
16192,1,1,2
16193,2,2,3
16194,2,1,2
16195,1,1,2
16196,1,1,1
16197,1,4,4
16198,3,2,3
16199,2,4,3
16200,5,5,5
16201,5,4,4
16202,2,5,4
16203,3,4,3
16204,4,3,3
16205,4,4,4
16206,4,5,4
16207,4,1,2
16208,4,5,5
16209,3,4,5
16210,5,5,5
16211,3,3,3
16212,4,4,4
16213,3,1,1
16214,3,3,4
16215,3,1,1
16216,2,1,3
16217,2,2,1
16218,4,5,5
16219,1,1,1
16221,4,4,4
16222,2,2,4
16223,2,2,3
16224,4,4,4
16225,4,5,4
16226,2,4,3
16227,2,4,3
16228,2,3,3
16229,3,4,4
16230,2,2,2
16231,2,3,3
16232,4,5,4
16233,3,5,4
16234,1,3,2
16235,4,5,4
16236,3,1,2
16237,1,1,1
16238,1,1,1
16239,4,4,4
16240,5,4,5
16241,5,5,5
16242,5,5,5
16243,4,2,2
16244,2,2,4
16245,4,3,4
16246,1,2,3
16247,3,1,1
16248,3,1,1
16249,4,4,4
16250,2,3,2
16251,1,1,1
16253,3,4,5
16254,2,3,3
16255,5,5,5
16256,2,3,4
16257,3,1,1
16258,4,5,5
16259,1,3,2
16260,4,1,3
16261,5,4,3
16262,2,2,3
16263,1,1,2
16264,1,2,3
16265,5,5,5
16266,3,5,4
16267,1,1,1
16268,3,2,3
16269,1,2,3
16270,2,1,3
16271,5,5,5
16272,3,1,2
16273,1,2,2
16274,2,1,2
16275,2,3,4
16276,3,3,4
16277,1,1,1
16278,4,4,3
16279,4,5,5
16280,1,1,1
16281,3,3,5
16282,2,3,4
16283,5,5,5
16284,4,3,3
16285,1,1,1
16286,1,3,1
16287,3,4,3
16288,1,1,1
16289,1,2,1
16290,1,3,4
16291,1,1,1
16292,3,4,3
16293,5,5,5
16294,1,1,1
16295,5,3,4
16296,1,4,4
16297,2,2,1
16298,4,4,3
16299,1,1,1
16300,1,3,4
16301,1,1,1
16302,3,1,1
16303,4,4,5
16304,1,1,2
16305,3,1,2
16306,2,5,3
16307,1,3,3
16308,4,4,5
16309,3,3,3
16310,1,2,2
16311,5,2,3
16312,1,1,1
16313,5,2,1
16314,2,3,4
16315,2,2,2
16316,3,5,5
16317,3,4,4
16318,4,1,2
16319,2,1,2
16320,3,4,5
16321,3,5,1
16322,5,2,2
16323,2,2,2
16324,3,3,2
16325,4,5,5
16326,5,5,5
16327,5,5,5
16328,1,1,2
16329,1,3,4
16330,5,4,3
16331,1,4,4
16332,4,5,4
16333,5,5,5
16334,1,1,1
16335,1,4,4
16336,1,3,5
16337,4,1,1
16338,3,1,1
16339,2,1,1
16340,3,3,4
16341,4,5,5
16342,3,3,2
16343,5,3,3
16344,3,3,3
16345,4,2,3
16346,2,1,1
16347,5,5,5
16348,4,4,4
16349,2,1,1
16350,4,5,4
16351,2,5,5
16352,5,2,2
16353,5,5,5
16354,3,4,3
16355,2,2,2
16356,2,4,2
16357,4,3,3
16358,5,4,5
16359,5,5,4
16360,5,4,5
16361,5,3,3
16362,4,4,3
16363,4,1,1
16364,5,2,3
16365,5,5,5
16366,5,3,4
16367,4,3,4
16368,5,3,3
16369,5,4,4
16370,3,3,4
16371,1,1,1
16372,4,4,4
16373,2,2,2
16374,3,4,4
16375,1,2,1
16376,5,3,3
16377,2,2,4
16378,2,3,2
16379,5,4,4
16380,3,1,4
16381,2,2,1
16382,2,2,2
16383,3,4,5
16384,3,3,4
16385,3,4,3
16386,4,3,3
16387,2,4,3
16388,1,1,1
16389,4,4,4
16390,1,3,2
16391,2,3,3
16392,2,3,3
16393,5,5,5
16394,4,4,4
16395,3,5,5
16396,1,3,1
16397,1,1,1
16398,3,3,4
16399,4,3,3
16400,3,4,5
16401,5,5,5
16402,2,2,2
16403,2,2,1
16404,3,1,2
16405,2,2,1
16406,5,3,2
16407,5,5,4
16408,1,1,1
16409,4,5,5
16410,1,1,1
16411,4,3,3
16412,4,4,3
16413,4,2,2
16414,4,4,2
16415,4,3,3
16416,4,4,5
16417,1,1,1
16418,4,4,3
16419,3,4,4
16420,2,1,1
16421,2,3,2
16422,5,5,5
16423,4,1,2
16424,2,2,2
16425,2,1,2
16426,5,5,4
16427,2,2,1
16428,1,3,3
16429,3,1,2
16430,4,4,3
16431,2,3,3
16432,3,1,2
16433,4,2,2
16434,4,5,4
16435,1,3,3
16436,1,3,2
16437,2,2,2
16438,5,4,3
16439,1,1,2
16440,5,4,5
16441,3,4,3
16442,5,4,3
16443,1,1,1
16444,4,5,5
16445,4,3,3
16446,2,1,1
16447,3,3,3
16448,2,2,2
16449,2,3,3
16450,3,3,4
16451,3,3,3
16452,1,2,2
16453,1,2,1
16454,3,4,1
16455,3,5,5
16456,3,5,5
16457,2,1,1
16458,5,5,5
16459,1,1,1
16460,4,3,3
16461,3,3,4
16462,3,3,1
16463,4,4,4
16464,4,3,4
16465,1,3,3
16466,4,5,5
16467,1,4,4
16468,3,3,3
16469,4,4,3
16470,4,5,4
16471,2,4,3
16472,1,2,3
16473,3,4,2
16474,5,5,4
16475,3,3,2
16476,1,3,2
16477,3,5,5
16478,4,3,2
16479,5,2,2
16480,3,1,3
16481,1,2,2
16482,5,1,1
16483,2,1,1
16484,3,2,2
16485,3,4,4
16486,1,1,1
16487,1,2,1
16488,4,3,2
16489,2,2,2
16490,1,2,1
16491,4,3,4
16492,1,1,2
16493,3,4,4
16494,2,1,3
16495,5,3,3
16496,5,4,4
16497,4,5,5
16498,3,3,1
16499,2,5,4
16500,5,5,3
16501,2,1,4
16502,1,2,1
16503,3,5,5
16504,4,1,2
16505,4,1,3
16506,4,2,1
16507,1,1,1
16508,1,1,1
16509,2,1,2
16510,2,4,4
16511,4,4,4
16513,5,3,3
16515,4,5,5
16516,4,1,1
16517,2,1,1
16518,3,4,3
16519,4,3,2
16520,2,4,4
16521,1,3,3
16522,1,2,2
16523,5,5,5
16524,1,2,2
16525,5,5,5
16526,3,2,3
16527,3,2,4
16528,5,1,1
16529,2,3,4
16530,1,1,1
16531,4,5,4
16532,5,4,5
16533,4,3,3
16534,1,1,3
16535,5,3,3
16536,3,2,2
16537,1,1,1
16538,1,3,2
16539,5,5,5
16540,1,1,1
16541,1,1,2
16542,4,2,1
16543,1,2,1
16544,1,1,1
16545,3,2,3
16546,2,4,5
16547,1,1,1
16548,1,1,1
16549,5,5,5
16550,3,5,5
16551,3,4,4
16552,2,2,2
16553,3,5,5
16554,5,5,4
16555,4,4,2
16556,3,5,5
16557,4,2,2
16558,5,5,5
16559,2,1,1
16560,4,4,5
16561,5,2,2
16562,1,1,1
16563,4,4,5
16564,1,1,1
16565,2,3,3
16566,5,4,3
16567,2,2,3
16568,1,2,3
16569,5,4,4
16570,5,5,5
16571,5,5,5
16572,3,3,3
16573,3,3,3
16574,3,3,4
16576,1,3,2
16577,1,1,2
16578,1,1,1
16579,1,1,1
16581,3,1,1
16582,3,1,2
16583,2,2,2
16584,3,4,5
16585,1,2,2
16586,2,3,4
16587,2,1,1
16588,2,3,4
16589,3,3,3
16590,2,3,2
16591,3,1,1
16592,5,5,5
16593,4,4,3
16594,3,1,1
16595,3,4,4
16596,5,3,2
16597,5,1,1
16598,2,2,1
16599,2,1,1
16600,5,5,4
16601,4,3,3
16602,4,4,3
16603,3,2,2
16604,1,2,2
16605,1,1,1
16606,2,2,2
16607,5,5,5
16608,1,2,4
16609,5,4,5
16610,2,1,1
16611,2,4,4
16612,4,5,5
16613,3,1,3
16614,3,3,3
16615,1,1,1
16616,5,2,2
16617,2,1,1
16618,4,4,4
16619,2,4,4
16620,5,4,4
16621,4,3,3
16622,1,2,1
16623,2,3,3
16624,3,2,3
16625,2,4,4
16626,5,5,5
16627,3,1,2
16628,4,4,4
16629,3,2,2
16630,2,2,1
16631,1,4,4
16632,1,2,2
16633,5,4,5
16634,2,4,3
16635,2,1,2
16636,1,3,5
16637,4,3,3
16638,4,5,4
16639,4,4,4
16640,2,1,1
16641,3,2,2
16642,5,4,3
16643,2,3,3
16644,3,2,3
16645,1,1,1
16646,1,2,3
16647,3,3,2
16648,4,3,3
16649,1,1,2
16650,3,4,4
16651,1,1,1
16652,4,5,5
16653,5,3,3
16654,3,4,4
16655,5,5,5
16656,4,5,5
16657,5,3,3
16658,2,4,2
16659,2,1,1
16660,5,4,4
16661,1,3,3
16662,2,1,1
16663,1,1,1
16664,1,1,1
16665,2,1,1
16666,4,2,1
16667,3,2,2
16668,5,5,3
16669,4,4,1
16670,5,5,5
16671,4,3,4
16672,5,5,5
16673,1,1,1
16674,4,2,2
16675,1,2,3
16676,4,4,4
16677,2,3,3
16678,5,5,5
16679,2,3,3
16680,4,3,3
16681,3,4,4
16682,5,4,3
16683,1,2,2
16684,5,5,5
16685,3,2,2
16686,4,5,5
16687,2,1,1
16688,5,3,4
16689,3,2,2
16690,3,3,2
16691,1,2,1
16692,2,3,4
16693,3,4,3
16694,1,1,1
16695,1,2,1
16696,3,3,3
16697,2,1,1
16698,2,2,4
16699,2,4,3
16700,5,5,5
16701,5,5,5
16702,1,4,3
16704,1,2,3
16705,5,5,5
16706,4,3,2
16707,2,3,2
16708,4,1,3
16709,3,5,5
16710,4,5,5
16711,5,5,4
16712,5,5,5
16713,5,5,5
16714,2,3,4
16715,3,2,3
16716,2,3,4
16717,5,5,5
16718,2,4,5
16719,5,5,5
16720,4,3,2
16721,2,1,2
16722,5,5,5
16723,3,3,4
16724,2,1,1
16725,2,5,4
16726,4,4,4
16727,2,3,4
16728,4,3,3
16729,4,5,5
16730,4,3,3
16731,1,1,1
16732,4,4,5
16733,1,1,1
16734,4,3,3
16735,3,5,5
16736,1,4,5
16737,4,2,3
16738,2,1,1
16739,3,3,3
16740,2,1,1
16741,1,1,1
16742,4,5,4
16743,4,5,5
16744,5,4,4
16745,3,5,5
16746,5,5,5
16747,4,3,3
16748,5,5,5
16749,1,2,5
16750,4,4,3
16751,4,1,4
16752,2,1,1
16753,3,1,1
16754,2,5,5
16755,3,5,5
16756,2,4,4
16757,2,2,1
16758,3,1,2
16759,5,3,3
16760,1,1,1
16761,3,1,2
16762,4,3,4
16763,2,2,3
16764,5,5,4
16765,2,2,2
16766,2,2,3
16767,4,5,5
16768,4,5,4
16769,2,3,3
16770,4,5,4
16771,4,5,5
16772,1,4,4
16773,4,3,2
16774,3,4,4
16775,5,5,4
16776,3,2,3
16777,3,4,4
16778,3,2,1
16779,5,5,5
16780,3,3,3
16781,2,3,3
16782,5,5,5
16783,1,1,2
16784,4,4,3
16785,1,1,2
16786,2,1,1
16787,2,3,3
16788,3,4,4
16789,5,1,1
16790,5,4,4
16791,4,5,5
16792,2,4,3
16793,4,1,1
16794,5,5,4
16795,2,4,4
16796,3,1,2
16797,2,4,4
16798,1,3,3
16799,1,3,2
16800,5,1,3
16801,3,4,3
16802,1,2,2
16803,3,1,2
16804,4,3,2
16805,3,4,3
16806,3,3,3
16807,3,4,4
16808,3,2,2
16809,4,5,4
16810,2,3,3
16811,5,2,2
16812,2,3,4
16813,5,5,4
16814,5,5,5
16815,1,2,2
16816,3,3,2
16817,5,5,4
16818,5,5,5
16819,1,2,1
16820,3,1,2
16821,2,1,1
16822,1,1,1
16823,2,4,4
16824,5,3,3
16825,4,4,4
16826,4,1,2
16827,2,4,2
16828,3,2,1
16829,3,2,2
16830,4,4,3
16831,1,1,1
16832,3,4,2
16833,5,4,4
16834,2,2,3
16835,3,4,4
16836,4,3,3
16837,4,5,5
16838,2,4,3
16839,5,5,5
16840,1,2,1
16841,4,5,5
16842,3,3,4
16843,4,5,5
16844,1,2,3
16845,1,1,1
16846,4,3,3
16847,4,2,3
16848,4,3,4
16849,2,1,1
16850,2,1,2
16851,5,3,2
16852,5,2,1
16854,1,2,4
16855,4,2,2
16856,5,3,2
16857,1,1,2
16858,2,5,5
16859,3,4,4
16860,1,3,4
16861,3,4,3
16862,1,3,3
16863,4,4,3
16864,1,2,2
16865,2,1,1
16866,3,3,1
16867,1,1,1
16868,2,3,2
16869,4,4,3
16870,1,1,2
16871,4,4,4
16872,3,4,4
16873,5,5,5
16874,2,1,1
16875,3,5,5
16876,2,1,1
16877,5,4,3
16880,4,4,4
16881,3,1,2
16882,3,3,3
16883,2,5,4
16884,4,3,3
16885,5,3,3
16887,4,3,3
16888,2,3,2
16889,2,4,4
16890,1,3,2
16891,5,5,4
16892,5,4,3
16893,2,2,1
16894,1,3,4
16895,3,4,3
16896,1,1,1
16897,2,1,1
16898,4,4,3
16899,5,4,4
16900,5,3,3
16901,1,1,1
16902,3,1,4
16903,4,3,3
16904,5,5,5
16905,5,5,5
16906,3,4,4
16907,4,4,4
16908,1,2,1
16909,3,1,2
16910,5,4,4
16911,1,2,1
16912,4,5,5
16913,2,3,2
16914,4,1,1
16915,5,5,4
16916,4,3,3
16917,2,2,4
16918,4,5,5
16919,3,5,5
16920,1,1,2
16921,3,3,2
16922,1,1,3
16923,5,5,5
16924,4,3,3
16925,1,1,1
16926,2,4,3
16927,3,3,2
16928,3,5,5
16929,5,4,4
16930,4,3,2
16931,5,5,5
16932,4,3,2
16933,5,5,5
16934,4,4,4
16935,2,3,2
16936,4,2,2
16937,1,1,1
16938,5,5,5
16939,1,3,2
16940,4,4,5
16941,1,1,1
16942,5,5,4
16943,2,3,3
16944,1,1,1
16945,4,5,5
16946,2,4,3
16947,2,4,3
16948,3,4,3
16949,5,4,3
16950,4,5,5
16951,3,2,4
16952,3,4,3
16953,4,1,1
16954,5,5,5
16955,3,4,3
16956,5,2,2
16957,2,2,2
16958,1,1,3
16959,3,1,1
16960,4,4,4
16961,3,3,3
16962,1,1,1
16963,2,1,1
16964,1,2,1
16965,2,1,1
16966,5,4,4
16967,2,1,2
16968,5,2,2
16969,4,3,3
16970,1,1,1
16971,4,1,2
16972,2,2,3
16973,2,1,1
16974,1,2,2
16975,1,3,3
16976,2,1,1
16977,2,3,2
16978,3,3,3
16979,5,5,4
16980,2,3,4
16982,3,1,2
16983,5,5,5
16984,3,5,5
16985,5,5,5
16986,4,5,5
16987,5,5,4
16988,5,2,2
16989,5,4,3
16990,2,2,2
16991,1,1,3
16992,5,5,5
16993,1,2,4
16996,4,5,4
16997,2,3,3
16998,3,4,2
16999,4,2,2
17000,2,2,2
17001,5,5,5
17002,3,4,4
17003,2,3,3
17004,4,3,4
17005,1,2,3
17006,5,4,4
17007,4,4,3
17008,1,1,1
17009,1,1,1
17010,5,2,1
17011,4,3,2
17012,1,1,2
17014,5,3,2
17015,4,3,4
17016,1,1,2
17017,5,5,5
17018,4,4,4
17019,5,5,5
17020,1,2,3
17021,1,4,3
17022,4,2,1
17023,1,3,3
17024,4,3,1
17025,3,4,4
17026,3,3,1
17027,3,4,4
17028,1,3,4
17029,3,4,4
17030,3,1,1
17031,5,4,4
17032,1,4,5
17033,3,3,4
17034,5,4,4
17035,2,4,2
17036,2,1,1
17037,3,2,4
17038,4,2,3
17039,1,1,4
17040,3,2,2
17041,4,4,4
17042,5,4,3
17043,4,4,4
17044,5,5,5
17045,3,4,3
17046,3,4,4
17047,3,4,4
17048,3,4,4
17049,5,5,5
17050,3,5,5
17051,2,3,3
17052,4,1,2
17053,3,2,2
17054,4,4,4
17055,1,1,1
17056,1,1,1
17057,1,1,2
17058,3,3,3
17059,4,4,5
17060,2,1,1
17061,3,5,5
17062,2,4,3
17063,5,5,5
17064,3,3,3
17065,1,2,1
17066,1,1,1
17067,1,3,2
17068,5,5,5
17069,4,5,5
17070,3,2,2
17071,5,5,5
17072,1,1,2
17073,5,3,4
17074,1,1,1
17075,5,5,4
17076,4,4,4
17077,1,1,2
17078,4,2,2
17079,3,1,1
17080,4,4,3
17081,4,4,3
17082,4,4,5
17083,3,5,5
17084,4,3,5
17085,3,5,5
17086,5,4,4
17087,1,1,1
17088,4,3,4
17089,2,1,1
17090,5,5,5
17091,5,5,5
17092,4,5,5
17093,1,1,1
17094,2,3,2
17095,4,5,4
17096,5,5,5
17097,5,5,3
17098,2,3,2
17099,1,1,2
17100,5,2,3
17101,5,4,4
17102,2,1,1
17103,1,1,2
17104,1,1,2
17105,3,2,3
17106,2,1,2
17107,4,5,5
17108,1,1,1
17109,4,5,4
17110,3,3,2
17111,4,2,2
17112,1,1,1
17113,1,4,4
17114,5,4,3
17115,5,5,4
17116,1,1,2
17117,2,1,1
17118,2,1,1
17119,5,3,2
17120,2,1,2
17121,2,1,2
17122,3,3,2
17123,3,3,3
17124,3,1,2
17125,4,1,1
17126,3,5,4
17127,1,4,3
17128,2,1,1
17129,1,1,1
17131,5,4,4
17132,1,2,4
17133,5,5,5
17134,3,3,3
17135,5,5,4
17136,1,1,1
17137,1,4,3
17138,2,4,5
17139,5,5,5
17140,2,1,2
17141,1,3,3
17142,2,3,4
17143,1,2,3
17144,5,2,3
17145,1,4,5
17146,3,5,5
17147,4,5,5
17148,4,1,1
17149,1,1,1
17150,2,4,4
17151,1,1,1
17152,2,4,4
17153,4,1,1
17154,3,1,2
17155,5,4,3
17156,1,2,2
17157,5,5,5
17158,4,4,4
17159,4,4,4
17160,4,5,5
17161,1,2,3
17162,4,5,4
17163,4,3,3
17164,4,4,4
17165,2,4,4
17166,4,3,1
17167,2,3,3
17168,1,2,2
17169,4,4,3
17170,2,2,1
17171,2,2,2
17172,3,4,3
17173,5,4,5
17174,2,2,1
17175,4,4,4
17176,2,3,3
17177,1,2,1
17178,1,2,2
17179,3,4,4
17180,4,5,4
17181,4,3,2
17182,1,2,2
17183,5,4,5
17184,1,2,1
17185,1,3,1
17186,4,2,1
17187,2,2,2
17188,5,5,5
17189,3,4,3
17190,3,4,4
17191,4,5,5
17192,1,2,1
17193,4,5,4
17194,2,3,3
17195,1,2,2
17196,1,2,2
17197,4,2,3
17198,4,3,3
17199,1,2,1
17200,2,3,2
17201,4,3,4
17202,1,2,1
17203,4,5,5
17204,3,5,5
17205,4,3,3
17206,4,2,1
17207,1,2,2
17208,2,2,1
17209,1,3,3
17210,2,2,1
17211,4,5,5
17212,2,3,3
17213,4,5,5
17214,3,4,3
17215,1,2,1
17216,1,2,1
17217,2,2,1
17218,5,5,5
17219,4,2,1
17220,4,5,5
17221,5,4,3
17222,3,4,4
17223,2,3,2
17224,1,2,1
17225,1,2,1
17226,2,3,3
17227,5,5,4
17228,5,5,4
17229,3,2,2
17230,2,5,5
17231,5,5,5
17232,5,2,2
17233,4,3,2
17234,3,2,1
17235,4,4,4
17236,5,5,4
17237,5,3,3
17238,5,5,5
17239,2,4,3
17240,1,2,1
17241,2,5,4
17242,3,4,5
17243,5,5,5
17244,4,4,4
17245,2,2,2
17246,1,2,1
17247,5,2,2
17248,3,2,2
17249,1,2,1
17250,5,2,2
17251,2,3,3
17252,3,2,2
17253,5,2,1
17254,5,3,2
17255,4,3,3
17256,3,4,2
17257,1,2,1
17258,2,2,2
17259,3,4,4
17260,1,2,1
17261,1,2,1
17262,4,5,4
17263,2,2,1
17264,1,2,1
17265,3,2,2
17266,5,4,2
17267,3,2,2
17268,3,5,4
17269,2,2,2
17270,1,2,3
17271,1,2,1
17272,4,4,4
17273,1,2,1
17274,4,2,2
17275,2,2,1
17276,2,2,2
17277,2,2,3
17278,2,2,1
17279,4,2,1
17280,1,2,1
17281,2,4,3
17282,3,4,4
17283,2,2,1
17284,3,4,4
17285,1,2,2
17286,4,3,2
17287,4,5,5
17288,5,5,4
17289,4,5,4
17290,5,4,4
17291,2,2,2
17292,1,2,1
17293,5,5,5
17294,1,2,2
17295,4,3,2
17296,1,2,2
17297,5,2,1
17298,3,4,3
17299,5,4,3
17300,2,2,2
17301,4,2,2
17302,5,4,3
17303,2,2,1
17304,1,2,1
17305,1,2,4
17306,5,5,5
17307,2,5,5
17308,2,2,5
17309,3,3,2
17310,2,2,3
17311,3,4,5
17312,3,3,3
17313,5,2,4
17314,4,5,5
17315,5,5,5
17316,1,2,1
17317,4,3,4
17318,1,2,1
17319,1,2,1
17320,3,4,4
17321,5,4,4
17322,2,4,3
17323,5,5,4
17324,5,5,4
17325,2,3,3
17326,2,2,2
17327,1,2,1
17328,1,2,1
17329,5,4,3
17330,4,3,2
17331,3,2,1
17332,1,4,3
17333,3,2,2
17334,2,3,3
17335,2,2,2
17336,1,2,1
17337,3,4,4
17338,5,5,5
17339,3,2,1
17340,5,5,5
17341,3,4,4
17342,2,4,3
17343,2,4,4
17344,4,3,2
17345,5,5,4
17346,5,5,5
17347,3,2,1
17348,5,4,4
17349,3,4,3
17350,5,4,4
17351,4,5,4
17352,1,2,1
17353,3,4,5
17354,4,3,5
17355,2,2,2
17356,2,4,3
17357,4,2,2
17358,2,4,3
17359,5,2,2
17360,5,4,3
17361,4,4,3
17362,2,4,3
17363,2,3,3
17364,5,5,5
17365,5,5,5
17366,2,3,3
17367,2,2,1
17368,4,5,4
17369,1,2,3
17370,3,3,2
17371,5,4,3
17372,4,5,5
17373,4,4,3
17374,2,3,3
17375,2,3,3
17376,3,3,2
17377,4,5,5
17379,5,2,2
17380,1,3,3
17381,5,5,5
17382,3,4,3
17383,5,2,2
17384,4,3,2
17385,5,2,1
17386,5,4,4
17387,4,2,3
17388,3,5,4
17389,5,5,5
17390,1,2,1
17391,3,2,2
17392,2,3,3
17393,1,2,2
17394,2,2,1
17395,1,2,1
17396,4,5,5
17397,4,3,4
17398,3,3,3
17400,3,4,5
17401,1,2,1
17402,5,5,5
17403,4,2,2
17404,5,5,5
17405,5,4,3
17406,2,5,5
17407,1,2,2
17408,3,3,1
17409,3,5,5
17410,5,4,4
17411,5,4,4
17412,5,5,5
17413,2,2,2
17414,4,4,4
17415,3,2,2
17416,4,5,5
17417,1,2,1
17418,4,3,3
17419,5,5,5
17420,4,4,3
17421,2,3,3
17422,5,5,5
17423,4,4,3
17425,4,2,3
17426,5,5,5
17427,3,2,1
17428,5,5,5
17429,3,4,4
17430,4,3,3
17431,2,2,2
17432,5,4,4
17433,3,2,2
17434,5,4,4
17435,1,2,2
17436,5,4,2
17437,1,2,2
17438,2,4,4
17439,1,2,2
17440,3,4,2
17441,1,2,2
17442,4,5,5
17443,2,2,2
17444,3,3,5
17446,3,2,1
17447,4,2,2
17448,1,5,5
17449,5,5,5
17450,5,5,5
17451,5,5,4
17453,5,2,2
17454,2,5,4
17455,2,2,1
17456,2,2,3
17457,3,5,5
17458,5,2,2
17459,4,2,3
17460,3,5,4
17461,4,3,3
17462,4,3,3
17463,5,4,4
17464,3,3,3
17465,1,4,4
17466,5,2,3
17467,2,2,1
17468,5,3,1
17469,5,5,5
17470,4,5,4
17471,1,2,2
17472,2,3,3
17473,2,2,2
17474,1,2,3
17475,3,2,1
17476,2,3,2
17477,1,2,3
17478,2,2,4
17479,1,2,2
17480,3,3,3
17481,5,4,4
17482,1,2,3
17483,3,3,2
17484,1,2,1
17486,2,2,2
17487,1,2,1
17488,1,2,2
17489,3,2,2
17490,5,5,4
17491,5,5,5
17492,2,3,3
17493,2,2,1
17494,1,2,1
17495,5,3,3
17496,2,4,4
17497,2,2,2
17498,3,2,1
17499,2,2,4
17500,5,3,3
17501,2,2,2
17502,5,3,3
17503,5,2,2
17504,2,5,5
17505,3,4,4
17506,3,2,2
17507,2,2,3
17508,2,4,5
17509,4,5,5
17510,4,2,2
17511,5,5,5
17512,4,5,5
17513,3,3,3
17514,3,2,2
17515,4,4,4
17516,5,4,3
17517,2,2,1
17518,1,2,2
17519,5,5,5
17520,4,2,2
17521,4,4,4
17522,5,4,3
17523,5,3,3
17524,2,3,2
17525,2,3,3
17526,5,5,5
17527,4,4,3
17528,5,5,5
17529,1,2,4
17530,5,5,4
17531,2,4,4
17532,2,2,1
17533,1,2,1
17534,4,4,4
17535,2,2,1
17536,3,3,2
17537,4,2,3
17538,4,2,1
17539,1,3,3
17540,5,4,4
17541,1,2,1
17542,2,3,2
17543,1,2,1
17544,2,3,3
17545,4,4,4
17547,2,3,3
17548,2,3,2
17549,4,2,1
17550,2,5,4
17551,2,2,2
17552,3,5,4
17553,3,3,5
17554,5,4,4
17555,4,4,3
17556,2,2,2
17557,5,3,2
17558,2,2,1
17559,1,2,1
17560,3,4,4
17561,4,3,3
17562,5,4,3
17563,1,3,2
17564,4,3,2
17565,1,2,1
17566,5,2,3
17567,5,5,5
17568,1,2,2
17569,2,2,2
17571,4,4,4
17572,3,5,3
17573,4,3,2
17574,2,2,1
17575,1,2,1
17576,5,5,5
17577,1,2,2
17578,2,4,3
17579,5,4,3
17580,2,4,2
17581,5,5,5
17582,2,4,4
17583,1,2,1
17584,5,4,5
17585,3,4,4
17586,1,2,1
17587,1,2,1
17588,3,4,5
17589,3,5,5
17590,5,3,4
17591,3,4,4
17593,5,5,5
17594,3,3,4
17595,5,2,2
17596,4,5,5
17597,2,4,5
17598,2,2,2
17599,1,3,1
17600,5,2,1
17601,2,2,2
17602,5,5,5
17603,4,4,4
17604,2,4,3
17605,1,2,1
17606,1,2,1
17607,2,2,2
17608,4,3,2
17609,4,5,4
17610,1,4,4
17611,5,5,5
17612,4,5,5
17613,4,5,5
17614,4,2,2
17615,3,4,3
17616,3,3,3
17617,1,2,2
17618,5,5,5
17619,2,2,1
17620,3,2,1
17621,4,4,5
17622,1,3,3
17623,4,4,4
17624,5,3,4
17625,5,4,5
17626,1,2,1
17627,1,2,2
17628,3,2,1
17629,5,5,4
17630,3,2,2
17631,5,4,3
17633,4,4,4
17634,4,4,4
17635,1,3,4
17636,5,2,1
17637,4,2,2
17638,1,2,3
17639,2,4,3
17640,3,4,5
17642,3,4,4
17643,2,2,2
17644,5,5,5
17646,2,5,5
17647,3,3,2
17648,3,4,4
17649,3,4,4
17650,4,2,1
17651,5,5,5
17652,4,5,5
17653,4,4,3
17654,2,2,1
17655,5,5,5
17656,3,4,4
17657,1,2,1
17658,5,3,2
17659,5,5,5
17660,3,2,2
17662,1,2,2
17663,4,5,5
17664,5,3,3
17665,1,2,2
17666,5,4,4
17667,3,5,5
17668,5,2,2
17669,4,5,5
17670,2,2,1
17671,5,4,4
17672,4,4,5
17673,5,5,5
17674,3,2,2
17675,5,5,5
17676,5,5,4
17677,5,5,5
17678,2,3,2
17679,4,5,5
17680,4,3,2
17681,1,4,3
17682,5,5,5
17683,2,3,3
17684,4,2,1
17685,5,5,5
17686,5,4,5
17687,1,2,2
17688,2,2,2
17689,2,2,2
17690,4,5,5
17691,2,3,3
17692,3,5,5
17693,3,3,1
17694,3,3,4
17695,3,4,4
17696,4,5,5
17697,2,2,2
17698,2,2,1
17699,1,2,2
17700,5,5,5
17701,2,2,2
17702,4,4,5
17703,4,3,3
17704,3,2,3
17705,5,5,4
17706,5,5,5
17707,3,4,3
17708,2,3,3
17709,3,4,3
17710,1,2,2
17711,5,2,2
17712,4,2,2
17713,2,3,3
17714,2,4,4
17715,2,2,2
17716,4,5,5
17717,1,2,2
17718,2,2,2
17719,4,5,5
17720,4,5,4
17721,1,2,2
17722,3,4,5
17723,3,4,5
17724,4,3,3
17725,5,5,5
17726,2,4,3
17727,5,2,3
17728,5,4,5
17729,1,2,2
17730,5,5,5
17731,3,4,4
17732,2,5,4
17733,4,2,3
17734,4,4,4
17735,5,5,5
17736,5,2,2
17737,5,2,1
17738,4,5,5
17739,5,5,5
17740,2,4,2
17741,2,2,1
17742,3,5,4
17743,1,2,1
17744,5,4,4
17745,1,2,2
17746,2,4,3
17747,3,2,1
17748,1,2,2
17749,3,3,3
17750,5,4,4
17751,1,2,1
17752,2,2,1
17753,1,4,2
17754,5,5,5
17756,2,3,3
17757,5,5,5
17758,4,5,5
17759,5,4,4
17760,4,4,3
17761,4,2,3
17762,1,2,1
17763,2,4,1
17764,4,4,4
17765,3,3,2
17766,2,2,2
17767,5,2,2
17768,5,4,5
17769,5,5,5
17770,2,4,3
17771,4,3,2
17772,5,3,2
17773,1,2,2
17774,3,5,5
17775,2,2,1
17776,2,2,2
17777,4,3,3
17778,1,2,1
17779,4,3,3
17780,1,3,2
17781,3,2,1
17782,2,2,3
17783,3,3,2
17784,1,2,1
17785,4,3,2
17786,3,2,1
17787,3,3,4
17788,3,2,3
17789,2,2,2
17790,4,5,4
17791,4,2,1
17792,1,2,2
17793,4,2,2
17794,1,2,1
17795,3,2,2
17796,4,4,4
17797,4,4,4
17798,1,2,1
17799,4,5,5
17800,4,4,3
17801,1,3,3
17802,3,5,5
17803,2,2,1
17804,2,3,2
17805,3,2,3
17806,5,2,2
17807,2,3,2
17808,1,3,1
17809,5,5,5
17810,1,2,2
17811,5,5,5
17812,5,4,3
17813,5,4,4
17814,2,2,4
17815,2,2,2
17816,4,4,1
17817,5,4,3
17818,1,2,1
17819,3,5,5
17820,2,2,1
17821,2,2,2
17822,1,4,4
17823,1,2,2
17824,4,2,2
17825,1,3,3
17826,2,2,1
17827,5,4,4
17828,5,4,4
17829,2,4,5
17830,5,3,2
17831,4,2,1
17832,4,2,1
17833,1,2,2
17834,1,2,3
17835,5,3,2
17836,4,2,1
17837,4,5,4
17838,4,5,5
17839,4,2,2
17840,1,2,1
17841,5,5,5
17842,1,2,2
17843,2,2,2
17844,3,2,1
17845,1,3,2
17846,3,2,4
17847,1,2,1
17848,3,5,5
17849,2,4,3
17850,2,5,5
17851,1,4,4
17852,5,4,3
17853,2,3,4
17854,3,4,3
17855,2,2,1
17856,5,4,4
17857,5,5,5
17858,5,5,5
17859,2,2,1
17860,2,3,3
17861,5,5,5
17862,2,3,4
17863,3,5,5
17864,5,4,3
17865,4,5,5
17866,3,3,3
17867,4,5,3
17868,2,2,1
17869,3,4,3
17870,5,5,4
17871,2,4,3
17872,2,2,1
17873,3,5,5
17874,3,4,3
17875,1,2,1
17876,2,3,5
17877,3,2,1
17878,4,3,4
17879,3,2,1
17880,2,3,3
17881,2,2,1
17882,2,2,2
17883,5,4,3
17884,5,5,4
17885,5,2,1
17886,4,4,4
17887,3,2,1
17888,4,5,4
17889,2,4,3
17890,2,2,2
17891,3,2,1
17892,4,3,1
17893,2,2,1
17894,3,5,4
17895,4,2,1
17896,4,2,1
17897,3,5,4
17898,3,3,2
17899,3,2,1
17900,2,2,1
17901,4,3,1
17902,1,2,1
17903,2,2,2
17904,4,2,1
17905,3,5,4
17906,2,2,1
17907,1,2,2
17908,2,4,3
17909,1,2,1
17910,1,2,1
17911,5,2,2
17912,2,4,2
17913,3,5,5
17914,5,2,2
17915,1,2,1
17916,1,2,1
17917,4,3,2
17918,1,3,2
17919,3,2,4
17920,5,5,5
17921,3,5,4
17922,1,2,1
17923,2,3,2
17924,5,5,5
17925,2,2,1
17926,3,4,3
17927,1,2,2
17928,4,3,2
17929,5,5,5
17930,4,5,5
17931,3,5,5
17932,4,3,4
17933,1,2,1
17934,4,3,3
17935,3,4,3
17936,5,2,2
17937,5,4,5
17938,1,2,1
17939,3,2,1
17940,4,5,5
17941,3,3,4
17942,5,2,1
17944,1,2,1
17945,1,3,2
17946,2,2,1
17947,4,2,1
17948,3,2,2
17949,5,5,5
17950,3,4,3
17951,4,4,4
17952,2,3,3
17953,1,2,1
17954,5,5,5
17955,2,4,3
17956,2,2,1
17957,3,2,1
17958,3,2,3
17959,1,2,1
17960,3,3,1
17961,4,5,4
17962,3,4,3
17963,1,3,3
17964,4,2,2
17965,4,5,5
17966,4,5,4
17967,2,2,1
17968,2,3,3
17969,3,5,4
17970,2,2,2
17971,1,2,1
17972,2,2,1
17973,4,2,2
17974,4,4,4
17975,5,5,5
17976,2,2,2
17977,4,2,4
17978,2,3,3
17979,4,3,3
17980,3,3,3
17981,1,2,1
17982,1,2,1
17983,2,2,1
17984,3,4,3
17985,4,2,3
17986,4,2,1
17987,3,4,3
17988,5,5,2
17989,2,2,1
17990,2,4,4
17991,2,3,2
17992,2,2,1
17993,1,2,1
17994,3,5,4
17995,2,3,2
17996,2,3,2
17997,3,5,4
17998,2,3,2
17999,4,3,2
18000,1,2,1
18001,5,4,3
18002,2,3,1
18003,2,2,2
18004,2,2,1
18005,5,2,1
18006,4,3,3
18007,2,2,1
18008,3,5,5
18009,2,5,4
18010,2,2,1
18011,2,2,2
18012,1,2,1
18013,3,2,1
18014,4,2,1
18015,5,2,1
18016,4,4,4
18017,3,3,3
18018,3,3,1
18019,4,2,1
18020,1,2,1
18021,1,2,1
18022,4,4,4
18024,3,2,1
18025,2,4,3
18026,1,2,4
18027,3,2,1
18028,1,2,1
18029,1,2,2
18030,5,3,1
18031,2,2,2
18032,2,2,1
18033,3,2,1
18034,4,3,3
18035,4,4,4
18036,4,5,4
18037,3,5,1
18038,1,2,1
18039,2,3,2
18040,4,2,2
18041,5,5,5
18042,4,2,1
18043,4,3,2
18044,5,5,5
18045,4,2,1
18046,1,2,1
18047,2,2,2
18048,2,3,2
18049,1,2,2
18050,2,2,2
18051,1,4,4
18052,1,2,5
18053,3,3,2
18054,2,2,1
18055,5,5,5
18056,2,2,2
18057,2,3,3
18058,5,3,3
18059,5,3,2
18060,2,2,3
18061,4,5,5
18062,3,4,4
18063,2,2,1
18064,3,5,5
18065,5,5,5
18066,3,3,4
18067,4,2,2
18068,2,2,1
18069,4,5,5
18070,1,2,2
18071,2,4,3
18072,3,2,1
18073,3,5,5
18074,2,2,3
18075,4,5,5
18076,2,2,1
18077,5,5,5
18078,2,3,3
18079,4,4,5
18080,5,2,4
18081,4,3,2
18082,4,2,3
18083,2,2,2
18084,5,2,1
18085,2,3,4
18086,2,2,1
18087,2,5,5
18088,3,2,1
18089,1,2,2
18090,1,2,2
18091,1,2,2
18092,5,5,5
18093,3,4,5
18094,3,5,5
18095,2,4,4
18096,5,4,4
18097,5,5,5
18098,2,2,2
18099,3,2,1
18100,1,2,2
18101,5,4,3
18102,5,5,5
18103,1,2,1
18104,4,2,3
18105,4,2,1
18106,2,4,4
18107,1,2,1
18108,2,3,3
18109,5,5,5
18110,4,3,2
18111,1,2,2
18112,5,3,3
18113,2,2,1
18114,2,2,1
18115,1,2,1
18116,3,5,4
18117,4,2,2
18118,5,5,5
18119,2,2,1
18120,2,2,1
18121,3,2,3
18122,5,4,4
18123,4,3,3
18124,1,2,1
18125,4,4,3
18126,3,2,1
18127,4,3,2
18128,1,2,2
18129,2,2,1
18130,5,3,3
18131,1,2,1
18132,1,2,1
18133,2,2,3
18134,1,2,2
18135,4,5,4
18136,3,4,4
18137,1,2,1
18138,2,2,1
18139,5,4,5
18140,1,2,2
18141,2,3,3
18142,3,3,3
18143,3,2,3
18144,5,5,5
18145,5,5,5
18146,3,2,1
18147,4,2,1
18148,1,2,1
18149,4,4,4
18150,4,3,2
18151,3,4,4
18152,1,2,2
18153,1,2,1
18154,5,4,3
18155,3,3,2
18156,5,2,3
18157,1,2,1
18158,5,3,2
18159,2,2,2
18160,4,3,3
18161,5,4,4
18162,1,2,2
18163,1,2,3
18164,4,2,2
18165,3,2,2
18166,1,2,1
18167,5,4,4
18168,3,5,5
18169,3,2,1
18170,4,4,5
18171,3,5,4
18172,5,5,5
18173,3,4,4
18174,5,2,1
18175,1,2,1
18176,2,2,2
18177,4,4,4
18178,3,5,5
18179,5,4,4
18180,5,4,4
18181,4,4,3
18182,1,2,2
18183,2,4,2
18184,5,2,1
18185,2,2,2
18186,1,2,2
18187,1,3,3
18188,5,4,5
18189,3,4,4
18190,2,4,3
18191,2,3,2
18192,3,2,3
18193,3,4,3
18194,3,4,5
18195,2,2,1
18196,3,3,4
18197,1,3,1
18198,5,5,5
18199,1,3,2
18200,3,2,1
18201,1,2,2
18202,2,3,4
18203,3,3,2
18204,3,3,4
18205,4,3,2
18206,1,2,2
18207,1,2,2
18208,1,2,2
18209,4,2,1
18210,5,4,4
18211,4,4,2
18212,2,3,2
18213,2,2,1
18214,1,4,4
18215,3,4,4
18216,4,2,2
18217,4,4,3
18218,2,4,3
18219,5,5,5
18220,2,5,4
18221,4,4,4
18222,3,2,2
18223,5,5,5
18224,2,2,1
18225,5,5,5
18226,4,5,5
18227,2,2,1
18228,4,3,3
18229,5,5,5
18230,5,5,5
18231,2,5,5
18232,3,4,2
18233,2,2,2
18234,1,2,1
18235,3,3,4
18236,4,5,4
18237,5,4,3
18238,1,2,1
18239,2,4,4
18240,4,2,2
18241,5,5,5
18242,3,4,5
18243,1,2,2
18244,1,3,2
18245,5,5,5
18246,4,3,3
18247,1,4,3
18248,3,3,3
18249,5,2,1
18250,2,3,2
18251,3,4,5
18252,4,4,4
18253,1,2,2
18254,1,2,1
18255,3,3,2
18256,2,3,1
18257,4,5,5
18258,1,4,4
18259,4,4,5
18260,3,5,5
18261,4,3,2
18262,3,3,2
18263,4,3,4
18264,1,2,3
18265,3,3,3
18266,1,2,1
18267,1,3,1
18268,3,4,4
18269,2,2,1
18270,4,3,2
18271,1,3,3
18272,5,5,5
18273,5,3,2
18275,1,3,3
18276,4,4,4
18277,3,4,3
18278,3,3,2
18279,1,2,1
18280,2,3,2
18281,3,3,1
18282,5,3,1
18283,5,5,4
18284,1,2,2
18285,1,2,2
18286,1,3,4
18287,4,4,5
